id,Player,Tm,Age,Pos,G,GS,Tgt,Rec,rec_Yds,Y/R,rec_TD,rec_1D,rec_Lng,R/G,rec_Y/G,Ctch%,Y/Tgt,Att,rus_Yds,rus_TD,rus_1D,rus_Lng,Y/A,rus_Y/G,A/G,Touch,Y/Tch,YScm,RRTD,Fmb
e580cfd0bf65ec9f4f676f56cf000249,Jonathan Taylor*+,IND,22,RB,17,17,51,40,360,9.0,2,12,76,2.4,21.2,78.4%,7.1,332,1811,18,107,83,5.5,106.5,19.5,372,5.8,2171,20,4
6278e5d665dba3ff9ddb5835f2ec6547,Cooper Kupp*+,LAR,28,WR,17,17,191,145,1947,13.4,16,89,59,8.5,114.5,75.9%,10.2,4,18,0,1,18,4.5,1.1,0.2,149,13.2,1965,16,0
460c71e3a7ee131a9728667cb4a97f88,Deebo Samuel*+,SFO,25,WR,16,15,121,77,1405,18.2,6,51,83,4.8,87.8,63.6%,11.6,59,365,8,21,49,6.2,22.8,3.7,136,13.0,1770,14,4
a172489685f49a85038ad5ff45c06e83,Najee Harris*,PIT,23,RB,17,17,94,74,467,6.3,3,22,25,4.4,27.5,78.7%,5.0,307,1200,7,62,37,3.9,70.6,18.1,381,4.4,1667,10,0
cefade4d9059c69bd4197c374e655bd9,Justin Jefferson*,MIN,22,WR,17,17,167,108,1616,15.0,10,75,56,6.4,95.1,64.7%,9.7,6,14,0,1,11,2.3,0.8,0.4,114,14.3,1630,10,1
b027a5e91daf591818ba5e84d4e1aee1,Austin Ekeler,LAC,26,RB,16,16,94,70,647,9.2,8,31,40,4.4,40.4,74.5%,6.9,206,911,12,53,28,4.4,56.9,12.9,276,5.6,1558,20,4
2b5bce06820e6d605ed6fd70b85b7baa,Davante Adams*+,GNB,29,WR,16,16,169,123,1553,12.6,11,84,59,7.7,97.1,72.8%,9.2,,,,0,,,,,123,12.6,1553,11,0
3f18080a9a24b14533379d5969adbb3a,Joe Mixon*,CIN,25,RB,16,16,48,42,314,7.5,3,11,52,2.6,19.6,87.5%,6.5,292,1205,13,60,32,4.1,75.3,18.3,334,4.5,1519,16,2
b456c34f16bc928851782b0fe38be90f,Ja'Marr Chase*,CIN,21,WR,17,17,128,81,1455,18.0,13,56,82,4.8,85.6,63.3%,11.4,7,21,0,2,10,3.0,1.2,0.4,88,16.8,1476,13,2
42d95d5cd20bb00b0241eba902ef6359,Nick Chubb*,CLE,26,RB,14,14,25,20,174,8.7,1,9,40,1.4,12.4,80.0%,7.0,228,1259,8,61,70,5.5,89.9,16.3,248,5.8,1433,9,2
3a40dd442b3d9508293d8ed95aa25384,Dalvin Cook*,MIN,26,RB,13,13,49,34,224,6.6,0,9,24,2.6,17.2,69.4%,4.6,249,1159,6,57,66,4.7,89.2,19.2,283,4.9,1383,6,3
7ee32884925aefcb0e2c410809c8ade5,Mark Andrews*+,BAL,26,te,17,9,153,107,1361,12.7,9,75,43,6.3,80.1,69.9%,8.9,1,0,0,0,0,0.0,0.0,0.1,108,12.6,1361,9,1
108f14f461f6a344527b81bcc88d9a40,Alvin Kamara*,NOR,26,rb,13,10,67,47,439,9.3,5,20,31,3.6,33.8,70.1%,6.6,240,898,4,42,30,3.7,69.1,18.5,287,4.7,1337,9,0
d2ba05d2178a2cdd271ce72a0271c03c,Tyreek Hill*,KAN,27,WR,17,16,159,111,1239,11.2,9,75,75,6.5,72.9,69.8%,7.8,9,96,0,4,33,10.7,5.6,0.5,120,11.1,1335,9,2
b9c561ed0e99630c710278331ddbaa42,Antonio Gibson ,WAS,23,RB,16,14,52,42,294,7.0,3,12,73,2.6,18.4,80.8%,5.7,258,1037,7,65,27,4.0,64.8,16.1,300,4.4,1331,10,6
bb705d3384b3d866577be4b02e1b09d0,Ezekiel Elliott,DAL,26,RB,17,17,65,47,287,6.1,2,17,21,2.8,16.9,72.3%,4.4,237,1002,10,55,47,4.2,58.9,13.9,284,4.5,1289,12,1
dd6969648b9ebe092f68bfe1abddb697,Leonard Fournette,TAM,26,RB,14,13,84,69,454,6.6,2,30,23,4.9,32.4,82.1%,5.4,180,812,8,45,47,4.5,58.0,12.9,249,5.1,1266,10,1
39e422ad3760d15e541cd6f5de66909c,Stefon Diggs*,BUF,28,WR,17,17,164,103,1225,11.9,10,66,61,6.1,72.1,62.8%,7.5,,,,0,,,,,103,11.9,1225,10,1
bc08168e9d37d4eb59989c7f674b0ea7,Josh Jacobs,LVR,23,RB,15,14,64,54,348,6.4,0,14,29,3.6,23.2,84.4%,5.4,217,872,9,45,28,4.0,58.1,14.5,271,4.5,1220,9,2
a6dd7bd85e66bf5f1143ff936f7e2c1d,Javonte Williams,DEN,21,rb,17,1,53,43,316,7.3,3,12,42,2.5,18.6,81.1%,6.0,203,903,4,52,49,4.4,53.1,11.9,246,5.0,1219,7,2
80c90195beaa8753289d510e872432fa,Diontae Johnson*,PIT,25,WR,16,14,169,107,1161,10.9,8,59,50,6.7,72.6,63.3%,6.9,5,53,0,2,25,10.6,3.3,0.3,112,10.8,1214,8,2
ab7686084f2a1d0d17e294be1c62f0d3,D.J. Moore,CAR,24,WR,17,17,163,93,1157,12.4,4,60,64,5.5,68.1,57.1%,7.1,8,48,0,4,14,6.0,2.8,0.5,101,11.9,1205,4,1
7c6d638e458359aee999ee1b79f75e97,Aaron Jones,GNB,27,RB,15,15,65,52,391,7.5,6,22,26,3.5,26.1,80.0%,6.0,171,799,4,37,57,4.7,53.3,11.4,223,5.3,1190,10,2
012bd2fe5a05873182b7bdc66a51749f,Tyler Lockett,SEA,29,WR,16,16,107,73,1175,16.1,8,41,69,4.6,73.4,68.2%,11.0,2,9,0,0,7,4.5,0.6,0.1,75,15.8,1184,8,0
90a0c49539caeecf315e130b69f61145,CeeDee Lamb*,DAL,22,WR,16,13,120,79,1102,13.9,6,54,49,4.9,68.9,65.8%,9.2,9,76,0,4,33,8.4,4.8,0.6,88,13.4,1178,6,0
af48959c837ce7c39af0f6e7aedf06eb,Cordarrelle Patterson,ATL,30,RB,16,13,69,52,548,10.5,5,26,64,3.3,34.3,75.4%,7.9,153,618,6,29,39,4.0,38.6,9.6,205,5.7,1166,11,2
97f5c54aaac7dd10cf2f1e3028edcf92,David Montgomery,CHI,24,RB,13,13,51,42,301,7.2,0,18,16,3.2,23.2,82.4%,5.9,225,849,7,55,41,3.8,65.3,17.3,267,4.3,1150,7,1
0a25cfb571d451dd7fc283cd52ef643b,Mike Williams,LAC,27,WR,16,14,129,76,1146,15.1,9,51,72,4.8,71.6,58.9%,8.9,,,,0,,,,,76,15.1,1146,9,0
b55a1db1121ac36870d3dc88e9bafa65,Keenan Allen*,LAC,29,WR,16,16,157,106,1138,10.7,6,66,42,6.6,71.1,67.5%,7.2,,,,0,,,,,106,10.7,1138,6,1

3e58136c9fbe4e1f72affd8ca8f46bcf,Melvin Gordon,DEN,28,RB,16,16,38,28,213,7.6,2,9,30,1.8,13.3,73.7%,5.6,203,918,8,48,70,4.5,57.4,12.7,231,4.9,1131,10,3
42307c2256e0b585430369feaf62cb81,Travis Kelce*,KAN,32,TE,16,16,134,92,1125,12.2,9,63,69,5.8,70.3,68.7%,8.4,2,3,1,1,4,1.5,0.2,0.1,94,12.0,1128,10,1
1cad24c820b975e8ea7922bddb2c63fb,James Conner*,ARI,26,rb,15,6,39,37,375,10.1,3,18,45,2.5,25.0,94.9%,9.6,202,752,15,53,35,3.7,50.1,13.5,239,4.7,1127,18,2
a14a265fe095f9a6648b7173c7953401,Michael Pittman Jr.,IND,24,WR,17,17,129,88,1082,12.3,6,54,57,5.2,63.6,68.2%,8.4,5,44,0,1,25,8.8,2.6,0.3,93,12.1,1126,6,1
b7ef8c25691a4724d4287f95a34a84d0,Chris Godwin,TAM,25,WR,14,14,127,98,1103,11.3,5,55,44,7.0,78.8,77.2%,8.7,4,21,1,4,9,5.3,1.5,0.3,102,11.0,1124,6,2
91e988d7399102f9363181b8eb9cda40,AJ Dillon ,GNB,23,rb,17,2,37,34,313,9.2,2,15,50,2.0,18.4,91.9%,8.5,187,803,5,50,36,4.3,47.2,11.0,221,5.0,1116,7,2
1f50a6f753aad176cf14a9eaac0f7ce8,Elijah Mitchell,SFO,23,rb,11,10,20,19,137,7.2,1,6,14,1.7,12.5,95.0%,6.9,207,963,5,47,39,4.7,87.5,18.8,226,4.9,1100,6,0
0932702f54c4bc008e0d3146d3c6ea20,Devin Singletary,BUF,24,RB,17,16,50,40,228,5.7,1,11,19,2.4,13.4,80.0%,4.6,188,870,7,44,46,4.6,51.2,11.1,228,4.8,1098,8,5
27cf5eb614b96a85ce7d9956a845c98a,Derrick Henry ,TEN,27,rb,8,8,20,18,154,8.6,0,7,16,2.3,19.3,90.0%,7.7,219,937,10,49,76,4.3,117.1,27.4,237,4.6,1091,10,1
83e3bbd4c80fa882ff447efa0392711a,Tee Higgins,CIN,22,WR,14,14,110,74,1091,14.7,6,53,54,5.3,77.9,67.3%,9.9,,,,0,,,,,74,14.7,1091,6,1
b7e16c0057b958a205ed277e82742c3d,Darnell Mooney,CHI,24,WR,17,14,140,81,1055,13.0,4,49,64,4.8,62.1,57.9%,7.5,6,32,1,2,15,5.3,1.9,0.4,87,12.5,1087,5,0
a8e810a7d5ef215809649ff5c9ca8cb8,D'Andre Swift,DET,22,rb,13,4,78,62,452,7.3,2,18,63,4.8,34.8,79.5%,5.8,151,617,5,28,57,4.1,47.5,11.6,213,5.0,1069,7,2
8220828542078b9197ba85fa71748ed7,Terry McLaurin,WAS,26,WR,17,17,130,77,1053,13.7,5,47,46,4.5,61.9,59.2%,8.1,1,12,0,1,12,12.0,0.7,0.1,78,13.7,1065,5,0
f209fbe0aec266d420abeb96ec41caee,Damien Harris,NWE,24,RB,15,15,21,18,132,7.3,0,4,21,1.2,8.8,85.7%,6.3,202,929,15,55,64,4.6,61.9,13.5,220,4.8,1061,15,2
c02e27baebaa4cb6bb64e6e690613bd4,Brandin Cooks,HOU,28,WR,16,16,134,90,1037,11.5,6,45,52,5.6,64.8,67.2%,7.7,2,21,0,1,16,10.5,1.3,0.1,92,11.5,1058,6,0
22c20b61e9b389b043c624e0f48b01c5,Tony Pollard,DAL,24,,15,0,46,39,337,8.6,0,15,32,2.6,22.5,84.8%,7.3,130,719,2,35,58,5.5,47.9,8.7,169,6.2,1056,2,2
38b1a4f368ff51cdbe8fae5a3b494a75,Mike Evans*,TAM,28,WR,16,16,114,74,1035,14.0,14,56,46,4.6,64.7,64.9%,9.1,1,10,0,1,10,10.0,0.6,0.1,75,13.9,1045,14,0
ee0187f97e30185e7b239750cdf064a3,Hunter Renfrow*,LVR,26,wr,17,9,128,103,1038,10.1,9,51,54,6.1,61.1,80.5%,8.1,3,3,0,0,5,1.0,0.2,0.2,106,9.8,1041,9,5
c4e2229b8abcc1aca7a4845406b3c9de,Kyle Pitts*,ATL,21,TE,17,15,110,68,1026,15.1,1,43,61,4.0,60.4,61.8%,9.3,,,,0,,,,,68,15.1,1026,1,0
aceca66131cb170f21a80b37601e11d9,Jaylen Waddle,MIA,23,WR,16,16,140,104,1015,9.8,6,59,57,6.5,63.4,74.3%,7.3,2,3,1,1,2,1.5,0.2,0.1,106,9.6,1018,7,2
a01a444c455deab5dd0c39ac71ae2983,Marquise Brown,BAL,24,WR,16,16,146,91,1008,11.1,6,41,49,5.7,63.0,62.3%,6.9,1,5,0,1,5,5.0,0.3,0.1,92,11.0,1013,6,3
a97c5b920d51057e95bcc315c0cf353f,Darrel Williams,KAN,26,rb,17,7,57,47,452,9.6,2,19,38,2.8,26.6,82.5%,7.9,144,558,6,40,21,3.9,32.8,8.5,191,5.3,1010,8,0
5408b3293629c222c729882ae0367f4d,Christian Kirk,ARI,25,WR,17,11,103,77,982,12.8,5,44,50,4.5,57.8,74.8%,9.5,1,11,0,1,11,11.0,0.6,0.1,78,12.7,993,5,0
4b9c078af3dfd390e481237ea939327d,James Robinson,JAX,23,RB,14,13,46,31,222,7.2,0,9,26,2.2,15.9,67.4%,4.8,164,767,8,41,58,4.7,54.8,11.7,195,5.1,989,8,4
c359ad98a9c9d7b0dca2161ce39c2309,D.K. Metcalf,SEA,24,WR,17,17,129,75,967,12.9,12,48,84,4.4,56.9,58.1%,7.5,1,6,0,0,6,6.0,0.4,0.1,76,12.8,973,12,1
daed5a4be3b5b66d0ea0620faeb21e8e,Sony Michel,LAR,26,rb,17,7,33,21,128,6.1,1,6,24,1.2,7.5,63.6%,3.9,208,845,4,49,39,4.1,49.7,12.2,229,4.2,973,5,1
f011b3057ead14a5bd1adebd6de1ca6d,Amon-Ra St. Brown,DET,22,wr,17,9,119,90,912,10.1,5,48,37,5.3,53.6,75.6%,7.7,7,61,1,2,26,8.7,3.6,0.4,97,10.0,973,6,0
686fa8c65917f2394ff640d012fbc0ba,Michael Carter,NYJ,22,RB,14,11,55,36,325,9.0,0,16,23,2.6,23.2,65.5%,5.9,147,639,4,29,55,4.3,45.6,10.5,183,5.3,964,4,1
ff2319d8e3c3022c63efbf2874a93a28,Chase Claypool,PIT,23,WR,15,13,105,59,860,14.6,2,35,59,3.9,57.3,56.2%,8.2,14,96,0,7,25,6.9,6.4,0.9,73,13.1,956,2,0
c9ff44f4d4d6d94e57db4de2b7e75472,George Kittle*,SFO,28,TE,14,14,94,71,910,12.8,6,42,48,5.1,65.0,75.5%,9.7,3,20,0,0,9,6.7,1.4,0.2,74,12.6,930,6,2

48966eace99b65662c2720e9535d105f,Kendrick Bourne,NWE,26,wr,17,5,70,55,800,14.5,5,27,75,3.2,47.1,78.6%,11.4,12,125,0,7,18,10.4,7.4,0.7,67,13.8,925,5,1
2a43d2e410921922ee940158157931f6,DeVonta Smith,PHI,23,WR,17,16,104,64,916,14.3,5,43,46,3.8,53.9,61.5%,8.8,,,,0,,,,,64,14.3,916,5,1
82f16d21683fd6b6bb2b74ec16e61002,Miles Sanders,PHI,24,RB,12,12,34,26,158,6.1,0,6,25,2.2,13.2,76.5%,4.6,137,754,0,33,38,5.5,62.8,11.4,163,5.6,912,0,1
0498e3334884957ed34473c5e8a4c7ce,Chase Edmonds,ARI,25,RB,12,11,53,43,311,7.2,0,11,36,3.6,25.9,81.1%,5.9,116,592,2,32,54,5.1,49.3,9.7,159,5.7,903,2,1
b38803b51a2fa25f614492a3bc7575cf,A.J. Brown,TEN,24,WR,13,13,105,63,869,13.8,5,45,57,4.8,66.8,60.0%,8.3,2,10,0,1,7,5.0,0.8,0.2,65,13.5,879,5,0
4f59d0ba0aae3c14ea1b25c17cd17aa2,Jakobi Meyers,NWE,25,WR,17,16,126,83,866,10.4,2,42,39,4.9,50.9,65.9%,6.9,1,9,0,0,9,9.0,0.5,0.1,84,10.4,875,2,1
4ddeacdf259abba44438746f73f023a2,Amari Cooper,DAL,27,WR,15,14,104,68,865,12.7,8,45,41,4.5,57.7,65.4%,8.3,,,,0,,,,,68,12.7,865,8,1
4204660bb1b4a0d12027d2df4579fe08,Darrell Henderson,LAR,24,rb,12,10,40,29,176,6.1,3,8,25,2.4,14.7,72.5%,4.4,149,688,5,39,29,4.6,57.3,12.4,178,4.9,864,8,0
372ff0f011dae0a607a5163197f054d4,Devontae Booker,NYG,29,,16,4,45,40,268,6.7,1,11,41,2.5,16.8,88.9%,6.0,145,593,2,31,31,4.1,37.1,9.1,185,4.7,861,3,0
4a718cc1c68815f0b7fc9708b61c87ef,Saquon Barkley,NYG,24,RB,13,13,57,41,263,6.4,2,13,54,3.2,20.2,71.9%,4.6,162,593,2,27,41,3.7,45.6,12.5,203,4.2,856,4,2
e4f22390996b56a67724fab14593aef3,Tyler Boyd,CIN,27,wr,16,10,94,67,828,12.4,5,37,68,4.2,51.8,71.3%,8.8,2,22,0,1,14,11.0,1.4,0.1,69,12.3,850,5,1
766a53e61b322bc9364105c3023eccb9,A.J. Green,ARI,33,wr,16,9,92,54,848,15.7,3,37,42,3.4,53.0,58.7%,9.2,,,,0,,,,,54,15.7,848,3,0
1a0498ff525fd8438ff27e7ed1e4031a,Myles Gaskin,MIA,24,rb,17,10,63,49,234,4.8,4,13,24,2.9,13.8,77.8%,3.7,173,612,3,25,30,3.5,36.0,10.2,222,3.8,846,7,2
52f85881f989edd8bf08332dbe7d1c22,Brandon Aiyuk,SFO,23,WR,17,16,84,56,826,14.8,5,37,43,3.3,48.6,66.7%,9.8,5,17,0,0,8,3.4,1.0,0.3,61,13.8,843,5,2
a6848304f18b4f5d911d0db11ecca6c7,Marvin Jones,JAX,31,WR,17,16,120,73,832,11.4,4,42,33,4.3,48.9,60.8%,6.9,,,,0,,,,,73,11.4,832,4,0
41944c5c6ced2873e1a19fc9a54f2eed,Dallas Goedert,PHI,26,TE,15,14,76,56,830,14.8,4,42,45,3.7,55.3,73.7%,10.9,,,,0,,,,,56,14.8,830,4,1
bb4cbed5459727e99564d495fb0e0a29,Van Jefferson,LAR,25,WR,17,17,89,50,802,16.0,6,32,79,2.9,47.2,56.2%,9.0,2,20,0,1,10,10.0,1.2,0.1,52,15.8,822,6,0
5668cdfacfed8921967cfdcd3bd2e6c6,Dalton Schultz,DAL,25,TE,17,15,104,78,808,10.4,8,43,32,4.6,47.5,75.0%,7.8,,,,0,,,,,78,10.4,808,8,0
5a65fc88a35461c81b7f81a99dd9c5d4,Rob Gronkowski,TAM,32,TE,12,12,89,55,802,14.6,6,34,42,4.6,66.8,61.8%,9.0,,,,0,,,,,55,14.6,802,6,0
6b95e4507ee2190b6716884078323bdf,Rashaad Penny,SEA,25,rb,10,6,8,6,48,8.0,0,3,27,0.6,4.8,75.0%,6.0,119,749,6,28,62,6.3,74.9,11.9,125,6.4,797,6,0
4ca056aa53fb37db5773ca64edb61906,Chuba Hubbard,CAR,22,rb,17,10,37,25,174,7.0,1,8,33,1.5,10.2,67.6%,4.7,172,612,5,36,26,3.6,36.0,10.1,197,4.0,786,6,1
21942a7c098e37e5328401e4c7b42da6,Christian McCaffrey,CAR,25,rb,7,7,41,37,343,9.3,1,21,32,5.3,49.0,90.2%,8.4,99,442,1,20,18,4.5,63.1,14.1,136,5.8,785,2,1
24c21b6aa53de9e4b2a02c7e19af67a9,Jalen Hurts,PHI,23,QB,15,15,1,0,0,,0,0,0,0.0,0.0,0.0%,0.0,139,784,10,56,31,5.6,52.3,9.3,139,5.6,784,10,9
8555081a14b27473be214b34498fa5a0,Mike Gesicki,MIA,26,te,17,9,112,73,780,10.7,2,39,40,4.3,45.9,65.2%,7.0,,,,0,,,,,73,10.7,780,2,0
d8556c751340deaa727a6d74a922d138,Courtland Sutton,DEN,26,WR,17,16,98,58,776,13.4,2,35,55,3.4,45.6,59.2%,7.9,,,,0,,,,,58,13.4,776,2,0
30910072f80d4e467cd55328b3972e0f,Russell Gage,ATL,25,wr,14,9,94,66,770,11.7,4,37,49,4.7,55.0,70.2%,8.2,,,,0,,,,,66,11.7,770,4,2
4daeb08b5e74e1ce885a71070f05cd82,Zach Ertz,2TM,31,,17,14,112,74,763,10.3,5,40,47,4.4,44.9,66.1%,6.8,1,4,0,0,4,4.0,0.2,0.1,75,10.2,767,5,0
f416e3f95ef96c13dac2f705bcac38fc,Lamar Jackson*,BAL,24,QB,12,12,0,0,0,,0,0,0,0.0,0.0,0.0%,,133,767,2,48,31,5.8,63.9,11.1,133,5.8,767,2,6
4a9c6509a5f865f5ac6c83e9c93cab17,Devonta Freeman,BAL,29,rb,16,8,42,34,190,5.6,1,9,15,2.1,11.9,81.0%,4.5,133,576,5,31,32,4.3,36.0,8.3,167,4.6,766,6,0
e3abcd42d9eb213d6a0a91b18bc59c66,Josh Allen,BUF,25,QB,17,17,0,0,0,,0,0,0,0.0,0.0,0.0%,,122,763,6,54,34,6.3,44.9,7.2,122,6.3,763,6,8

8c8c083cbd5549d8b89cf951c9e474ef,Mike Davis,ATL,28,rb,17,8,58,44,259,5.9,1,12,20,2.6,15.2,75.9%,4.5,138,503,3,21,18,3.6,29.6,8.1,182,4.2,762,4,4
2677823c1649b980adbe19edf8b97ede,Jamaal Williams,DET,26,RB,13,11,28,26,157,6.0,0,6,15,2.0,12.1,92.9%,5.6,153,601,3,42,20,3.9,46.2,11.8,179,4.2,758,3,1
bce88aa332f7dcb35939312e55853b64,Mecole Hardman,KAN,23,wr,17,8,83,59,693,11.7,2,33,53,3.5,40.8,71.1%,8.3,8,46,0,2,24,5.8,2.7,0.5,67,11.0,739,2,3
d0d797427b3189f99e7ac5f3148ff2a0,Tim Patrick,DEN,28,WR,16,16,85,53,734,13.8,5,39,44,3.3,45.9,62.4%,8.6,,,,0,,,,,53,13.8,734,5,0
b86772e83d04fc48542f87f0a2c3a264,Rhamondre Stevenson,NWE,23,rb,12,2,18,14,123,8.8,0,3,41,1.2,10.3,77.8%,6.8,133,606,5,33,21,4.6,50.5,11.1,147,5.0,729,5,2
a94712738e7d2e966f981bf4fc39603c,Adam Thielen,MIN,31,WR,13,13,95,67,726,10.8,10,37,35,5.2,55.8,70.5%,7.6,1,2,0,0,2,2.0,0.2,0.1,68,10.7,728,10,1
7e556bfbd613e546e90351617781f4fa,Alexander Mattison,MIN,23,rb,16,4,39,32,228,7.1,1,10,24,2.0,14.3,82.1%,5.8,134,491,3,28,48,3.7,30.7,8.4,166,4.3,719,4,1
43804ac13966da1a21fc689d1c448c1d,Mark Ingram,2TM,32,,14,10,35,27,162,6.0,0,9,34,1.9,11.6,77.1%,4.6,160,554,2,23,28,3.5,39.6,11.4,187,3.8,716,2,1
f4eb39d2e1a102b743a423603c3b24b5,Marquez Callaway,NOR,23,WR,17,11,84,46,698,15.2,6,32,58,2.7,41.1,54.8%,8.3,,,,0,,,,,46,15.2,698,6,0
8fe39c86e8bb5473fa39b1ee6472795f,Cole Beasley,BUF,32,wr,16,8,112,82,693,8.5,1,34,29,5.1,43.3,73.2%,6.2,,,,0,,,,,82,8.5,693,1,1
ae2d0981ae5df217b9f357402345df14,D'Onta Foreman,TEN,25,rb,9,3,11,9,123,13.7,0,6,39,1.0,13.7,81.8%,11.2,133,566,3,22,35,4.3,62.9,14.8,142,4.9,689,3,2
2ba1911ba5fb5850efe89f892ee86b33,D'Ernest Johnson,CLE,25,rb,17,2,25,19,137,7.2,0,7,18,1.1,8.1,76.0%,5.5,100,534,3,24,30,5.3,31.4,5.9,119,5.6,671,3,1
d6d9cc496cb28372e7b94070f8e91627,Noah Fant,DEN,24,TE,16,16,90,68,670,9.9,4,29,35,4.3,41.9,75.6%,7.4,,,,0,,,,,68,9.9,670,4,0
384663a41f2e34ac1cd590d392ab076f,K.J. Osborn,MIN,24,wr,17,9,82,50,655,13.1,7,26,64,2.9,38.5,61.0%,8.0,1,10,0,1,10,10.0,0.6,0.1,51,13.0,665,7,0
770c7fcb2cd897f9abf47147d92011cd,Darren Waller,LVR,29,TE,11,11,93,55,665,12.1,2,31,33,5.0,60.5,59.1%,7.2,,,,0,,,,,55,12.1,665,2,0
34f3b7e57fb4e20ea3ee075189cad7c2,Laviska Shenault Jr.,JAX,23,wr,16,10,100,63,619,9.8,0,30,58,3.9,38.7,63.0%,6.2,11,41,0,2,11,3.7,2.6,0.7,74,8.9,660,0,1
87b9d686526a1a1238940ad3d8f23c52,Emmanuel Sanders,BUF,34,WR,14,13,72,42,626,14.9,4,31,41,3.0,44.7,58.3%,8.7,2,31,0,2,24,15.5,2.2,0.1,44,14.9,657,4,0
746e43fa21c2504b23b110781eeb66b1,Quez Watkins,PHI,23,WR,17,12,62,43,647,15.0,1,25,91,2.5,38.1,69.4%,10.4,1,3,0,0,3,3.0,0.2,0.1,44,14.8,650,1,0
3e77940346561b51cce0478c228882b7,Clyde Edwards-Helaire,KAN,22,rb,10,10,23,19,129,6.8,2,8,29,1.9,12.9,82.6%,5.6,119,517,4,21,17,4.3,51.7,11.9,138,4.7,646,6,2
17358fd7d2eb1596b7c09a97d45da2f5,Brandon Bolden,NWE,31,rb,17,1,49,41,405,9.9,2,21,28,2.4,23.8,83.7%,8.3,44,226,1,12,24,5.1,13.3,2.6,85,7.4,631,3,1
408a525938c546467a99e11eced5f991,Rex Burkhead,HOU,31,rb,16,5,32,25,186,7.4,0,9,20,1.6,11.6,78.1%,5.8,122,427,3,30,36,3.5,26.7,7.6,147,4.2,613,3,1
3cf49f37ecc70d0b7133703d7089345f,Cedrick Wilson Jr.,DAL,26,wr,16,4,61,45,602,13.4,6,27,73,2.8,37.6,73.8%,9.9,2,11,0,1,6,5.5,0.7,0.1,47,13.0,613,6,3
bfee06555cb12696f69de1f3536434de,Cole Kmet,CHI,22,TE,17,17,93,60,612,10.2,0,29,25,3.5,36.0,64.5%,6.6,1,0,0,0,0,0.0,0.0,0.1,61,10.0,612,0,0
4c1815e850af1393eb268ab3ba6fba91,Deonte Harris,NOR,24,wr,13,1,59,36,570,15.8,3,23,72,2.8,43.8,61.0%,9.7,5,41,0,1,22,8.2,3.2,0.4,41,14.9,611,3,2
c5fbeb1902d7a7d8638487e61c3f042f,Ty Johnson,NYJ,24,rb,16,3,55,34,372,10.9,2,20,23,2.1,23.3,61.8%,6.8,61,238,2,13,24,3.9,14.9,3.8,95,6.4,610,4,2
ef2727791e74dffeb2b3f5c26827f315,Jarvis Landry,CLE,29,,12,12,87,52,570,11.0,2,30,38,4.3,47.5,59.8%,6.6,6,40,2,4,16,6.7,3.3,0.5,58,10.5,610,4,3
c7c3c7631caf408c7498424b685d82bc,J.D. McKissic,WAS,28,rb,11,3,53,43,397,9.2,2,15,56,3.9,36.1,81.1%,7.5,48,212,2,14,15,4.4,19.3,4.4,91,6.7,609,4,0
71f998b29472408901037b0577aa53c0,Kalif Raymond,DET,27,WR,16,14,71,48,576,12.0,4,28,75,3.0,36.0,67.6%,8.1,4,28,0,2,13,7.0,1.8,0.3,52,11.6,604,4,0
7ef50c88bebf540b747d942455981bf7,Hunter Henry,NWE,27,te,17,10,75,50,603,12.1,9,34,35,2.9,35.5,66.7%,8.0,,,,0,,,,,50,12.1,603,9,0
976601e5816d120d7bad80e4272ea6f0,Robert Woods,LAR,29,wr,9,9,69,45,556,12.4,4,34,28,5.0,61.8,65.2%,8.1,8,46,1,1,16,5.8,5.1,0.9,53,11.4,602,5,0

a0c323478663d398bc9978c3ad4e8d44,Donovan Peoples-Jones,CLE,22,wr,14,9,58,34,597,17.6,3,26,60,2.4,42.6,58.6%,10.3,,,,0,,,,,34,17.6,597,3,2
8debb4c665dd0a2a8deb5fc24f07df9c,Tyler Conklin,MIN,26,TE,17,15,87,61,593,9.7,3,26,40,3.6,34.9,70.1%,6.8,,,,0,,,,,61,9.7,593,3,1
78e8eb4a1ffafd5735bc487c5cc56869,Elijah Moore,NYJ,21,wr,11,6,77,43,538,12.5,5,24,62,3.9,48.9,55.8%,7.0,5,54,1,3,19,10.8,4.9,0.5,48,12.3,592,6,0
22f1a9a6575e3d4dee900ae60d3b2d08,Dawson Knox,BUF,25,TE,15,14,71,49,587,12.0,9,31,53,3.3,39.1,69.0%,8.3,0,4,0,0,0,,0.3,0.0,49,12.1,591,9,0
0e9a1842b3a752a64a3f63d5b7c1aa77,Nyheim Hines,IND,25,rb,17,4,57,40,310,7.8,1,15,36,2.4,18.2,70.2%,5.4,56,276,2,15,34,4.9,16.2,3.3,96,6.1,586,3,3
39163b676fece9096f0b27ec16efcf5e,T.J. Hockenson,DET,24,TE,12,12,84,61,583,9.6,4,32,33,5.1,48.6,72.6%,6.9,,,,0,,,,,61,9.6,583,4,0
ebedba855db1a201ff6cb7221a19ed4e,Latavius Murray,BAL,31,rb,14,6,13,10,75,7.5,0,2,18,0.7,5.4,76.9%,5.8,119,501,6,36,46,4.2,35.8,8.5,129,4.5,576,6,0
09784bc49b4711799928a2bc3c49f6fe,DeAndre Hopkins,ARI,29,wr,10,10,64,42,572,13.6,8,32,55,4.2,57.2,65.6%,8.9,,,,0,,,,,42,13.6,572,8,0
ed4b83942630c5e1b7a76c8956d29717,Bryan Edwards,LVR,23,WR,16,12,59,34,571,16.8,3,26,51,2.1,35.7,57.6%,9.7,1,0,0,0,0,0.0,0.0,0.1,35,16.3,571,3,1
e77fab9afb7775217c1042af433fc96a,Byron Pringle,KAN,28,wr,17,5,60,42,568,13.5,5,32,40,2.5,33.4,70.0%,9.5,,,,0,,,,,42,13.5,568,5,2
97a2feed647d9b68a6d7895c7df0e3c3,Jared Cook,LAC,34,te,16,10,83,48,564,11.8,4,31,42,3.0,35.3,57.8%,6.8,,,,0,,,,,48,11.8,564,4,0
c56cd8a2b36918a32f14dd1a19846cd7,Tyler Higbee,LAR,28,TE,15,15,85,61,560,9.2,5,33,37,4.1,37.3,71.8%,6.6,,,,0,,,,,61,9.2,560,5,1
7a3f8d024a220ac04cfc30a60b68b61f,Kareem Hunt,CLE,26,rb,8,1,27,22,174,7.9,0,10,23,2.8,21.8,81.5%,6.4,78,386,5,22,33,4.9,48.3,9.8,100,5.6,560,5,0
6230e9a445cf8711cfd27fa855aab223,Robby Anderson,CAR,28,WR,17,16,110,53,519,9.8,5,27,57,3.1,30.5,48.2%,4.7,3,36,0,1,30,12.0,2.1,0.2,56,9.9,555,5,0
171851ee6e0de21f53b691a61a450d85,Odell Beckham Jr.,2TM,29,,14,13,82,44,537,12.2,5,27,54,3.1,38.4,53.7%,6.5,2,14,0,1,10,7.0,1.0,0.1,46,12.0,551,5,0
3b23f37bb17791e230343696694e6cec,Antonio Brown,TAM,33,,7,3,62,42,545,13.0,4,29,62,6.0,77.9,67.7%,8.8,1,6,0,0,6,6.0,0.9,0.1,43,12.8,551,4,0
e1e3aea1a8c24e875fc4d9dd7912cb5c,Gabriel Davis,BUF,22,wr,16,4,63,35,549,15.7,6,29,49,2.2,34.3,55.6%,8.7,,,,0,,,,,35,15.7,549,6,0
47c5a27dc5dcc1151118210229b3be1f,Zay Jones,LVR,26,wr,17,9,70,47,546,11.6,1,29,43,2.8,32.1,67.1%,7.8,2,3,0,0,4,1.5,0.2,0.1,49,11.2,549,1,1
108ebd0bb33d1b2bc8c1981844570576,Kenyan Drake,LVR,27,rb,12,2,40,30,291,9.7,1,12,31,2.5,24.3,75.0%,7.3,63,254,2,15,21,4.0,21.2,5.3,93,5.9,545,3,1
d020213ed63a5b26ecaf9bb8e2c18ea1,Allen Lazard ,GNB,26,WR,15,13,60,40,513,12.8,8,28,42,2.7,34.2,66.7%,8.6,3,32,0,2,14,10.7,2.1,0.2,43,12.7,545,8,0
d0a4fc29703554d0abb6ba131c14b3fe,Kenneth Gainwell,PHI,22,rb,16,1,50,33,253,7.7,1,14,19,2.1,15.8,66.0%,5.1,68,291,5,19,18,4.3,18.2,4.3,101,5.4,544,6,2
f467009355403e7a51fd2963fa3cb5f5,Justin Jackson,LAC,25,rb,14,2,25,22,178,8.1,0,8,25,1.6,12.7,88.0%,7.1,68,364,2,18,75,5.4,26.0,4.9,90,6.0,542,2,1
dba12d2e5acad77946dc53c913eeaa00,Zack Moss,BUF,24,,13,0,32,23,197,8.6,1,12,24,1.8,15.2,71.9%,6.2,96,345,4,22,17,3.6,26.5,7.4,119,4.6,542,5,2
df1f98e145c731ca7014e55498deabc4,Khalil Herbert,CHI,23,rb,17,2,16,14,96,6.9,0,6,20,0.8,5.6,87.5%,6.0,103,433,2,24,29,4.2,25.5,6.1,117,4.5,529,2,1
c0e271dcd0d0a28d37182513fcd63b33,Kenny Golladay,NYG,28,WR,14,14,76,37,521,14.1,0,27,36,2.6,37.2,48.7%,6.9,,,,0,,,,,37,14.1,521,0,0
9f230ea7f2bf88d99b2a5c919583d49f,Rashod Bateman,BAL,22,wr,12,4,68,46,515,11.2,1,29,36,3.8,42.9,67.6%,7.6,,,,0,,,,,46,11.2,515,1,0
49dc49b45a0dd9204eac622c0e486871,DeVante Parker,MIA,28,wr,10,8,73,40,515,12.9,2,29,42,4.0,51.5,54.8%,7.1,,,,0,,,,,40,12.9,515,2,0
2800d253f042488c29339275766299fe,Rondale Moore,ARI,21,wr,14,7,64,54,435,8.1,1,18,77,3.9,31.1,84.4%,6.8,18,76,0,2,26,4.2,5.4,1.3,72,7.1,511,1,3
58c7a8a19d51b94322c179feb4ba5fed,Alex Collins,SEA,27,rb,11,6,10,9,87,9.7,0,3,28,0.8,7.9,90.0%,8.7,108,411,2,22,25,3.8,37.4,9.8,117,4.3,498,2,1
be0f3f943c7b4e3212d5c42b9fda345e,Gerald Everett,SEA,27,,15,12,63,48,478,10.0,4,26,41,3.2,31.9,76.2%,7.6,3,20,0,2,13,6.7,1.3,0.2,51,9.8,498,4,2

3f730471fe3c4d910e1c003a500a7d3d,Pat Freiermuth,PIT,23,te,16,9,79,60,497,8.3,7,34,24,3.8,31.1,75.9%,6.3,,,,0,,,,,60,8.3,497,7,1
b8a9b4c12de57fd24ccb80cff8b8213d,C.J. Uzomah,CIN,28,TE,16,16,63,49,493,10.1,5,24,55,3.1,30.8,77.8%,7.8,,,,0,,,,,49,10.1,493,5,0
ba8e355981a799ce382ff6a1df6f59c9,Corey Davis,NYJ,26,wr,9,9,59,34,492,14.5,4,23,53,3.8,54.7,57.6%,8.3,,,,0,,,,,34,14.5,492,4,2
e5e871295b2948227203c34aecf5961b,Ronald Jones II,TAM,24,rb,16,3,13,10,64,6.4,0,2,15,0.6,4.0,76.9%,4.9,101,428,4,25,30,4.2,26.8,6.3,111,4.4,492,4,2
83d681f6fb113a8d8c576824c3c16f5f,Henry Ruggs III,LVR,22,,7,7,36,24,469,19.5,2,16,61,3.4,67.0,66.7%,13.0,3,16,0,0,7,5.3,2.3,0.4,27,18.0,485,2,0
a9c1b086f13c697fcfb636e8be61a02c,Nelson Agholor,NWE,28,WR,15,13,64,37,473,12.8,3,23,44,2.5,31.5,57.8%,7.4,3,11,0,0,6,3.7,0.7,0.2,40,12.1,484,3,0
26125de424f58307693c9ef64f448d4d,Jalen Guyton,LAC,24,wr,16,2,48,31,448,14.5,3,21,59,1.9,28.0,64.6%,9.3,7,34,0,2,21,4.9,2.1,0.4,38,12.7,482,3,1
c507ed3b91384c2999dfbfb610fa16be,David Njoku,CLE,25,TE,16,11,53,36,475,13.2,4,17,71,2.3,29.7,67.9%,9.0,1,1,0,0,1,1.0,0.1,0.1,37,12.9,476,4,0
5874b5e69bd6572b0ad49cfefb83689d,Nick Westbrook-Ikhine,TEN,24,wr,16,7,57,38,476,12.5,4,23,46,2.4,29.8,66.7%,8.4,,,,0,,,,,38,12.5,476,4,1
12758a4b8bfae5f949d973df36748914,Braxton Berrios+,NYJ,26,wr,16,1,65,46,431,9.4,2,21,46,2.9,26.9,70.8%,6.6,7,40,2,3,11,5.7,2.5,0.4,53,8.9,471,4,1
859e6f4883363835b55e69fbd3f52eaf,Jerry Jeudy,DEN,22,wr,10,5,56,38,467,12.3,0,22,40,3.8,46.7,67.9%,8.3,2,3,0,0,3,1.5,0.3,0.2,40,11.8,470,0,1
13a2b4da37e22441ae7e205a28068110,DeSean Jackson,2TM,35,,16,4,34,20,454,22.7,2,12,75,1.3,28.4,58.8%,13.4,1,4,0,0,4,4.0,0.3,0.1,21,21.8,458,2,1
433767fb7c3ebd413ec26b443931695d,Boston Scott,PHI,26,rb,16,4,16,13,83,6.4,0,3,19,0.8,5.2,81.3%,5.2,87,373,7,24,23,4.3,23.3,5.4,100,4.6,456,7,1
6128964ac851aea0d1b0c5e2d0f3ade8,Ameer Abdullah,2TM,28,,17,1,53,38,289,7.6,1,13,23,2.2,17.0,71.7%,5.5,51,166,0,8,15,3.3,9.8,3.0,89,5.1,455,1,0
3ed7ff1471c5b33076e992df98980020,David Johnson,HOU,30,rb,13,4,42,32,225,7.0,1,11,16,2.5,17.3,76.2%,5.4,67,228,0,7,15,3.4,17.5,5.2,99,4.6,453,1,1
db8cd8651eff1cb36684f22ccc227e4a,Keelan Cole,NYJ,28,WR,15,11,51,28,449,16.0,1,20,54,1.9,29.9,54.9%,8.8,,,,0,,,,,28,16.0,449,1,0
8ce7f520db3eb3c4e2009dd856ed8542,Jamison Crowder,NYJ,28,wr,12,4,71,51,447,8.8,2,24,29,4.3,37.3,71.8%,6.3,,,,0,,,,,51,8.8,447,2,1
d1e470bed8e8541dd2076b51969b960a,Nico Collins,HOU,22,wr,14,8,60,33,446,13.5,1,22,32,2.4,31.9,55.0%,7.4,,,,0,,,,,33,13.5,446,1,0
65bb2badf2d4423adba74f307884fc29,Michael Gallup,DAL,25,wr,9,8,62,35,445,12.7,2,23,41,3.9,49.4,56.5%,7.2,,,,0,,,,,35,12.7,445,2,0
461ae824673bdafe0b170aeb16e66e3f,Samaje Perine,CIN,26,,16,0,31,27,196,7.3,1,9,23,1.7,12.3,87.1%,6.3,55,246,1,11,46,4.5,15.4,3.4,82,5.4,442,2,0
a82610f9ad4ba27d21f920f48cdebad5,Dontrell Hilliard,TEN,26,rb,8,5,26,19,87,4.6,0,7,28,2.4,10.9,73.1%,3.3,56,350,2,15,68,6.3,43.8,7.0,75,5.8,437,2,2
9792f803270238b2614b501c41c66171,Julio Jones,TEN,32,wr,10,10,48,31,434,14.0,1,19,51,3.1,43.4,64.6%,9.0,,,,0,,,,,31,14.0,434,1,0
b7182daef916592cae854bb8b597c3ec,Laquon Treadwell,JAX,26,wr,12,7,51,33,434,13.2,1,22,41,2.8,36.2,64.7%,8.5,,,,0,,,,,33,13.2,434,1,0
a3fbffb61fcf410a5d51ad92c27ba2ee,Kyler Murray*,ARI,24,QB,14,14,0,0,7,,0,0,0,0.0,0.5,0.0%,,88,423,5,25,57,4.8,30.2,6.3,88,4.9,430,5,13
0f12e187f76000caf1c8af16dc44a262,Marquez Valdes-Scantling,GNB,27,wr,11,7,55,26,430,16.5,3,18,75,2.4,39.1,47.3%,7.8,,,,0,,,,,26,16.5,430,3,0
87e3ef8a28729650c5d571d12e40df82,Taysom Hill,NOR,31,qb,12,9,6,4,52,13.0,0,4,15,0.3,4.3,66.7%,8.7,70,374,5,26,44,5.3,31.2,5.8,74,5.8,426,5,2
dcc29c088dd0f094bc6d807a2400dd50,Kadarius Toney,NYG,22,wr,10,4,57,39,420,10.8,0,21,38,3.9,42.0,68.4%,7.4,3,6,0,0,7,2.0,0.6,0.3,42,10.1,426,0,0
844b4d386b23a40f179c8083efc6054e,Jordan Howard,PHI,27,,7,0,5,2,19,9.5,0,2,10,0.3,2.7,40.0%,3.8,86,406,3,24,25,4.7,58.0,12.3,88,4.8,425,3,0
eaf8984a2f8a7ce28fa9fe3a5bc2eda7,Justin Fields,CHI,22,qb,12,10,0,0,0,,0,0,0,0.0,0.0,0.0%,,72,420,2,22,23,5.8,35.0,6.0,72,5.8,420,2,12
8c458badda91802c9fdcdec63bc0fc9a,Allen Robinson,CHI,28,WR,12,11,66,38,410,10.8,1,22,39,3.2,34.2,57.6%,6.2,,,,0,,,,,38,10.8,410,1,0

f6348645b0b0a40f7d4725a2aa1073e1,Dan Arnold,2TM,26,,11,4,52,35,408,11.7,0,20,28,3.2,37.1,67.3%,7.8,,,,0,,,,,35,11.7,408,0,1
b0bd886fbffe390abfdebd70dd853e74,Olamide Zaccheaus,ATL,24,wr,17,8,53,31,406,13.1,3,22,49,1.8,23.9,58.5%,7.7,1,2,0,1,2,2.0,0.1,0.1,32,12.8,408,3,0
1ff4b1ec3e3f706937881af74fc8f0bd,Tevin Coleman,NYJ,28,rb,11,5,16,11,49,4.5,0,2,11,1.0,4.5,68.8%,3.1,84,356,0,19,20,4.2,32.4,7.6,95,4.3,405,0,0
de0934e8f8295da3c8622679ef15250f,Evan Engram,NYG,27,TE,15,12,73,46,408,8.9,3,21,30,3.1,27.2,63.0%,5.6,1,-3,0,0,-3,-3.0,-0.2,0.1,47,8.6,405,3,1
a67742f4dbed2229dc5a0c7b1d03b8aa,Zach Pascal,IND,27,WR,16,13,69,38,384,10.1,3,16,41,2.4,24.0,55.1%,5.6,2,21,0,0,12,10.5,1.3,0.1,40,10.1,405,3,1
1b105c165df0cef43ee711ad90af5b8c,Jeremy McNichols,TEN,26,,14,0,38,28,240,8.6,1,11,27,2.0,17.1,73.7%,6.3,41,156,0,6,14,3.8,11.1,2.9,69,5.7,396,1,0
c3673b88d5471e6f46be163c969f99b0,Josh Reynolds,2TM,26,,12,5,49,29,396,13.7,2,21,39,2.4,33.0,59.2%,8.1,,,,0,,,,,29,13.7,396,2,0
8222b08665df1d7f4314e76e95b27c36,Sammy Watkins,BAL,28,wr,13,9,49,27,394,14.6,1,17,49,2.1,30.3,55.1%,8.0,,,,0,,,,,27,14.6,394,1,1
0dbb56488c39864f77c9e461445eb1ad,DeAndre Carter,WAS,28,wr,17,6,44,24,296,12.3,3,17,26,1.4,17.4,54.5%,6.7,10,89,0,4,27,8.9,5.2,0.6,34,11.3,385,3,3
06666179b80c773a0166d645e49e66b6,Adam Humphries,WAS,28,WR,17,11,62,41,383,9.3,0,23,27,2.4,22.5,66.1%,6.2,,,,0,,,,,41,9.3,383,0,0
5405d1bc6735bb6bc461228e11b93b33,Patrick Mahomes*,KAN,26,QB,17,17,0,0,0,,0,0,0,0.0,0.0,0.0%,,66,381,2,25,32,5.8,22.4,3.9,66,5.8,381,2,9
2a6d016276628435356d64aaa818135d,Tre'Quan Smith,NOR,25,wr,11,6,50,32,377,11.8,3,18,34,2.9,34.3,64.0%,7.5,,,,0,,,,,32,11.8,377,3,1
ca824aa0f06773540c7ddd7597e52e98,Randall Cobb,GNB,31,wr,12,3,39,28,375,13.4,5,21,54,2.3,31.3,71.8%,9.6,1,1,0,0,1,1.0,0.1,0.1,29,13.0,376,5,1
d379eaa6227951c90f248dbcf46d5464,Freddie Swain,SEA,23,wr,17,8,40,25,343,13.7,4,12,68,1.5,20.2,62.5%,8.6,5,32,0,2,11,6.4,1.9,0.3,30,12.5,375,4,1
ad3ad9efc7314683120c3f75c0a349af,Foster Moreau,LVR,24,TE,17,11,44,30,373,12.4,3,16,44,1.8,21.9,68.2%,8.5,,,,0,,,,,30,12.4,373,3,1
6e2f3a85084a5a7d579bd5fe948c3607,Duke Johnson,MIA,28,rb,5,4,5,4,41,10.3,0,3,20,0.8,8.2,80.0%,8.2,71,330,3,18,27,4.6,66.0,14.2,75,4.9,371,3,0
740e70255822814dc8c0c67fa4e86d70,Derrick Gore,KAN,27,,11,0,9,8,105,13.1,0,3,50,0.7,9.5,88.9%,11.7,51,256,2,12,51,5.0,23.3,4.6,59,6.1,361,2,0
97e1015d822ac03725ed5f85e56ce529,Tyler Johnson,TAM,23,wr,17,3,55,36,360,10.0,0,14,31,2.1,21.2,65.5%,6.5,,,,0,,,,,36,10.0,360,0,0
fecbde6efa69ac96b44966a556618824,Durham Smythe,MIA,26,TE,17,12,41,34,357,10.5,0,15,25,2.0,21.0,82.9%,8.7,2,3,0,2,2,1.5,0.2,0.1,36,10.0,360,0,0
cc506b72b2b6f5e441e47061898db4fa,Josh Palmer,LAC,23,wr,17,5,49,33,353,10.7,4,18,36,1.9,20.8,67.3%,7.2,1,6,0,0,6,6.0,0.4,0.1,34,10.6,359,4,0
7ccdebe8e7d54405af7130ab3cd3058a,Sterling Shepard,NYG,28,wr,7,6,53,36,366,10.2,1,19,37,5.1,52.3,67.9%,6.9,1,-9,0,0,-9,-9.0,-1.3,0.1,37,9.6,357,1,0
e30dabf04272d6667eec65127521eee5,Austin Hooper,CLE,27,TE,16,16,61,38,345,9.1,3,18,34,2.4,21.6,62.3%,5.7,,,,0,,,,,38,9.1,345,3,0
9cddf7ef2ac91f9dac15c89e59815499,Jamal Agnew,JAX,26,wr,10,2,39,24,229,9.5,1,14,29,2.4,22.9,61.5%,5.9,7,111,1,3,66,15.9,11.1,0.7,31,11.0,340,2,1
8946472c9c8abb836b71b25079fd92d4,Jaret Patterson,WAS,22,rb,17,1,11,10,73,7.3,0,5,12,0.6,4.3,90.9%,6.6,68,266,2,15,13,3.9,15.6,4.0,78,4.3,339,2,1
b8261e68bde486ad62666e0c444d3655,Travis Homer,SEA,23,,14,0,20,16,161,10.1,0,8,31,1.1,11.5,80.0%,8.1,21,177,1,7,73,8.4,12.6,1.5,37,9.1,338,1,0
7e9bb29725735c2da9d13e69d4423856,Trevor Lawrence,JAX,22,QB,17,17,0,0,0,,0,0,0,0.0,0.0,0.0%,,73,334,2,22,26,4.6,19.6,4.3,73,4.6,334,2,9
851cde4fbbbd19004ee48f437b0ff75d,Jonnu Smith,NWE,26,TE,16,11,45,28,294,10.5,1,15,28,1.8,18.4,62.2%,6.5,9,40,0,2,9,4.4,2.5,0.6,37,9.0,334,1,1
0b56ddb62bd7b5aeaee44989136a8999,T.Y. Hilton,IND,32,wr,10,9,37,23,331,14.4,3,15,52,2.3,33.1,62.2%,8.9,,,,0,,,,,23,14.4,331,3,0
5d266af14ef795677b2adb77e28913bc,Jalen Reagor,PHI,22,WR,17,13,57,33,299,9.1,2,13,34,1.9,17.6,57.9%,5.2,10,32,0,3,12,3.2,1.9,0.6,43,7.7,331,2,2
980b3d3e39f912f13a231be8178a26b4,Albert Okwuegbunam,DEN,23,te,14,6,40,33,330,10.0,2,15,64,2.4,23.6,82.5%,8.3,,,,0,,,,,33,10.0,330,2,1

71121ee2bf19dec31976b7ccd1395992,Damiere Byrd,CHI,28,wr,17,4,38,26,329,12.7,1,18,54,1.5,19.4,68.4%,8.7,,,,0,,,,,26,12.7,329,1,1
b8e96938dd40c48c4c45b54e43ddbea6,Chris Conley,HOU,29,wr,16,10,37,22,323,14.7,2,15,41,1.4,20.2,59.5%,8.7,1,3,0,1,3,3.0,0.2,0.1,23,14.2,326,2,1
7d197cfb0d6be0a32a2e52c9a9265d35,Darius Slayton,NYG,24,wr,13,5,58,26,339,13.0,2,14,42,2.0,26.1,44.8%,5.8,1,-13,0,0,-13,-13.0,-1.0,0.1,27,12.1,326,2,1
1453127a537fe9f3d4361776b8e30396,Jeff Wilson,SFO,26,rb,9,4,8,7,31,4.4,0,1,11,0.8,3.4,87.5%,3.9,79,294,2,19,17,3.7,32.7,8.8,86,3.8,325,2,1
44705990d1f054346a3582588ee12617,Devin Duvernay*+,BAL,24,wr,16,7,47,33,272,8.2,2,14,21,2.1,17.0,70.2%,5.8,7,50,0,4,19,7.1,3.1,0.4,40,8.1,322,2,1
511f12ecd284b032c74895234d1f6571,Carlos Hyde,JAX,31,,12,2,21,12,65,5.4,0,1,9,1.0,5.4,57.1%,3.1,72,253,1,14,18,3.5,21.1,6.0,84,3.8,318,1,2
8b7f6edb8a80cb63e11ce8f5158bf5ca,Kyle Juszczyk*,SFO,30,FB,17,16,38,30,296,9.9,1,16,26,1.8,17.4,78.9%,7.8,8,22,1,3,6,2.8,1.3,0.5,38,8.4,318,2,0
f53521e05ee4488fef537e901a9b1eb5,Mo Alie-Cox,IND,28,te,17,7,45,24,316,13.2,4,14,37,1.4,18.6,53.3%,7.0,,,,0,,,,,24,13.2,316,4,1
00e007fe44b75366f173caff81ddf2c9,Daniel Jones,NYG,24,QB,11,11,1,1,16,16.0,0,1,16,0.1,1.5,100.0%,16.0,62,298,2,16,46,4.8,27.1,5.6,63,5.0,314,2,7
eda14101116003e106c844f90c9052d8,Marquise Goodwin,CHI,31,wr,14,2,40,20,313,15.7,1,12,50,1.4,22.4,50.0%,7.8,2,-1,0,0,1,-0.5,-0.1,0.1,22,14.2,312,1,1
61650cd606d97e3b2ee8b612ac635e9b,Taylor Heinicke,WAS,28,QB,16,15,1,1,-2,-2.0,0,0,-2,0.1,-0.1,100.0%,-2.0,60,313,1,20,38,5.2,19.6,3.8,61,5.1,311,1,7
c34bf10ce0647b8c9294a52cb952e3eb,Chester Rogers,TEN,27,wr,16,2,43,30,301,10.0,1,12,39,1.9,18.8,69.8%,7.0,1,9,0,0,9,9.0,0.6,0.1,31,10.0,310,1,4
94dff2898b09077ca745f5401d595f61,Jack Doyle,IND,31,,17,14,43,29,302,10.4,3,18,34,1.7,17.8,67.4%,7.0,,,,0,,,,,29,10.4,302,3,0
cf8559b75a6ca2666444e40301c1f658,Justin Herbert*,LAC,23,QB,17,17,0,0,0,,0,0,0,0.0,0.0,0.0%,,63,302,3,28,36,4.8,17.8,3.7,63,4.8,302,3,1
c3769f5a7363716c1449885424fc7747,James Washington,PIT,25,wr,15,2,44,24,285,11.9,2,9,42,1.6,19.0,54.5%,6.5,2,13,0,0,12,6.5,0.9,0.1,26,11.5,298,2,0
33010acda703476c4a48726661008dd2,Tyler Huntley,BAL,23,qb,7,4,0,0,0,,0,0,0,0.0,0.0,0.0%,,47,294,2,22,21,6.3,42.0,6.7,47,6.3,294,2,4
0aa63e8e07267daf8faca816991ba128,Phillip Lindsay,2TM,27,,14,1,5,4,45,11.3,1,1,22,0.3,3.2,80.0%,9.0,88,249,1,11,35,2.8,17.8,6.3,92,3.2,294,2,0
4e640a24877f9dd8f7543ece3ab55810,Ray-Ray McCloud,PIT,25,wr,16,5,66,39,277,7.1,0,18,24,2.4,17.3,59.1%,4.2,2,15,0,0,10,7.5,0.9,0.1,41,7.1,292,0,4
22b899c6fc717aa459e90a7fc8fc7e29,Anthony Firkser,TEN,26,te,15,1,43,34,291,8.6,2,15,24,2.3,19.4,79.1%,6.8,,,,0,,,,,34,8.6,291,2,2
11025cfc801ab864c86f3b3cbe921b22,Jauan Jennings,SFO,24,wr,16,1,38,24,282,11.8,5,15,34,1.5,17.6,63.2%,7.4,,,,0,,,,,24,11.8,282,5,1
f4fd664ad0e12275f0458f77ddfda84b,Craig Reynolds,DET,25,,5,2,8,7,52,7.4,0,3,14,1.4,10.4,87.5%,6.5,55,230,0,11,35,4.2,46.0,11.0,62,4.5,282,0,0
87c56266888bb8db2391d4e7806717e1,Calvin Ridley,ATL,27,wr,5,5,52,31,281,9.1,2,16,22,6.2,56.2,59.6%,5.4,,,,0,,,,,31,9.1,281,2,0
c007018bc985eac8e15d90427c42a13c,Peyton Barber,LVR,27,rb,10,1,13,10,67,6.7,0,3,23,1.0,6.7,76.9%,5.2,55,212,2,12,27,3.9,21.2,5.5,65,4.3,279,2,2
f822cc6ec9567d1881a694ad03a77c4b,Rashard Higgins,CLE,27,wr,15,4,47,24,275,11.5,1,16,21,1.6,18.3,51.1%,5.9,,,,0,,,,,24,11.5,275,1,0
32bce89fd810e4a0879badf4a6849080,DeeJay Dallas,SEA,23,,17,0,23,21,133,6.3,0,4,29,1.2,7.8,91.3%,5.8,33,138,2,10,15,4.2,8.1,1.9,54,5.0,271,2,1
9993f1c0335f48bc723937906fd84131,Ricky Seals-Jones,WAS,26,te,13,6,49,30,271,9.0,2,14,39,2.3,20.8,61.2%,5.5,,,,0,,,,,30,9.0,271,2,0
c5d6b9a499d9e5f4ae434f98f8f905d6,Ryan Tannehill,TEN,33,QB,17,17,0,0,0,,0,0,0,0.0,0.0,0.0%,,55,270,7,33,28,4.9,15.9,3.2,55,4.9,270,7,10
878961200c7668c869a50fa9bccf1300,Ty'Son Williams,BAL,25,rb,13,3,12,9,84,9.3,0,4,21,0.7,6.5,75.0%,7.0,35,185,1,7,35,5.3,14.2,2.7,44,6.1,269,1,1
601b7ea1c37238ead00ae4a8e6862890,Damien Williams,CHI,29,rb,12,2,23,16,103,6.4,1,3,23,1.3,8.6,69.6%,4.5,40,164,2,11,23,4.1,13.7,3.3,56,4.8,267,3,0
928fdad686b325c3fcf7e0b6e0c98a15,Salvon Ahmed,MIA,23,,12,0,19,12,117,9.8,0,4,18,1.0,9.8,63.2%,6.2,54,149,0,8,16,2.8,12.4,4.5,66,4.0,266,0,0

c5c70d9f7bad61bdd53cda481c6ce403,Demarcus Robinson,KAN,27,wr,17,10,41,25,264,10.6,3,13,33,1.5,15.5,61.0%,6.4,,,,0,,,,,25,10.6,264,3,0
83e8af8cce88c7c0ed19459fb0366aa4,Adam Trautman,NOR,24,te,13,10,43,27,263,9.7,2,13,32,2.1,20.2,62.8%,6.1,,,,0,,,,,27,9.7,263,2,1
86e8accf86a9bc8f031979e4980532b7,Chris Carson,SEA,27,rb,4,4,6,6,29,4.8,0,1,16,1.5,7.3,100.0%,4.8,54,232,3,11,33,4.3,58.0,13.5,60,4.4,261,3,1
0b9d21f5391f5cb775b33560911c3016,Ryan Griffin,NYJ,31,TE,14,12,42,27,261,9.7,2,14,29,1.9,18.6,64.3%,6.2,,,,0,,,,,27,9.7,261,2,1
dd077cd81ecd09ac12073c311f9a0e2b,Kyle Rudolph,NYG,32,,16,13,39,26,257,9.9,1,12,60,1.6,16.1,66.7%,6.6,,,,0,,,,,26,9.9,257,1,0
94d87e65e6b085bd8c44cb822251921d,Dare Ogunbowale,JAX,27,rb,17,2,21,13,114,8.8,1,3,28,0.8,6.7,61.9%,5.4,43,137,1,5,12,3.2,8.1,2.5,56,4.5,251,2,0
2f010c0ae15a7b9ce525c878644b0430,Brandon Zylstra,CAR,28,wr,13,3,25,18,250,13.9,1,10,55,1.4,19.2,72.0%,10.0,,,,0,,,,,18,13.9,250,1,0
294e2679c8d06ed08e2577fa7fcad522,John Bates,WAS,24,te,17,8,25,20,249,12.5,1,11,32,1.2,14.6,80.0%,10.0,,,,0,,,,,20,12.5,249,1,1
b20c0088922f51f96881eac8444293ba,Lil'Jordan Humphrey,NOR,23,wr,10,4,18,13,249,19.2,2,9,56,1.3,24.9,72.2%,13.8,,,,0,,,,,13,19.2,249,2,0
ff5a84622e2640576fd196fe7bb4a30d,Danny Amendola,HOU,36,,8,0,38,24,248,10.3,3,10,39,3.0,31.0,63.2%,6.5,,,,0,,,,,24,10.3,248,3,1
8afdfb9c321ca043a3a73552ac2d28bb,Royce Freeman,2TM,25,,15,0,16,10,77,7.7,0,4,12,0.7,5.1,62.5%,4.8,56,169,0,8,13,3.0,11.3,3.7,66,3.7,246,0,0
f0330a43cde38b521e1969c7f1ce6e72,Cameron Brate,TAM,30,te,17,3,57,30,245,8.2,4,15,18,1.8,14.4,52.6%,4.3,,,,0,,,,,30,8.2,245,4,0
da4d6ffe7ab87574621f5788adb3c039,Josiah Deguara,GNB,24,te,16,2,33,25,245,9.8,2,9,62,1.6,15.3,75.8%,7.4,,,,0,,,,,25,9.8,245,2,0
583ddfb50153f02d7cae328723e38002,James O'Shaughnessy,JAX,29,te,7,6,34,24,244,10.2,0,10,30,3.4,34.9,70.6%,7.2,,,,0,,,,,24,10.2,244,0,0
6b9af254a0173d1205c42bd4afe112f3,John Ross,NYG,26,wr,10,1,20,11,224,20.4,1,8,51,1.1,22.4,55.0%,11.2,1,16,0,1,16,16.0,1.6,0.1,12,20.0,240,1,1
adeab023c93df6c4a42354a70504dc1a,Tavon Austin,JAX,31,wr,13,3,37,24,213,8.9,1,11,25,1.8,16.4,64.9%,5.8,3,21,0,1,8,7.0,1.6,0.2,27,8.7,234,1,1
e6c1daa6dfb3ec3db8396555d17bdab0,Harrison Bryant,CLE,23,te,16,3,28,21,233,11.1,3,14,41,1.3,14.6,75.0%,8.3,,,,0,,,,,21,11.1,233,3,0
0c14f98fbe3cd17d719bc9273a84fe2b,Will Dissly,SEA,25,TE,15,14,26,21,231,11.0,1,11,39,1.4,15.4,80.8%,8.9,,,,0,,,,,21,11.0,231,1,1
b805ec3cfbe146324695104758388859,Cam Newton,CAR,32,qb,8,5,0,0,0,,0,0,0,0.0,0.0,0.0%,,47,230,5,20,33,4.9,28.8,5.9,47,4.9,230,5,4
b78dcb9c448ca6ef1361fc2fca899493,Tajae Sharpe,ATL,27,wr,15,7,37,25,230,9.2,0,14,17,1.7,15.3,67.6%,6.2,,,,0,,,,,25,9.2,230,0,0
ecdfdfd736e9299ebcb8c8141dda6e34,Albert Wilson,MIA,29,wr,14,5,39,25,213,8.5,0,10,64,1.8,15.2,64.1%,5.5,4,17,0,1,14,4.3,1.2,0.3,29,7.9,230,0,0
3b756b4299157f98ead5bfd5bdb79b36,Chris Evans,CIN,24,rb,14,1,17,15,151,10.1,2,6,24,1.1,10.8,88.2%,8.9,17,77,0,3,13,4.5,5.5,1.2,32,7.1,228,2,0
e567fb9e3c6dbc0632b635be40fba98e,Chris Moore,HOU,28,wr,12,1,22,21,227,10.8,2,6,67,1.8,18.9,95.5%,10.3,,,,0,,,,,21,10.8,227,2,0
4a3c57ea2076793a80321f92b37e6758,Cyril Grayson,TAM,28,wr,5,3,12,10,212,21.2,2,8,62,2.0,42.4,83.3%,17.7,1,14,0,1,14,14.0,2.8,0.2,11,20.5,226,2,0
f3f63ced828aae8023fb556c0228a30e,Jamycal Hasty,SFO,25,,11,0,29,23,157,6.8,0,7,23,2.1,14.3,79.3%,5.4,16,68,1,6,21,4.3,6.2,1.5,39,5.8,225,1,2
98617d7441d65fcabb56701b7d5d4f64,Isaiah McKenzie,BUF,26,wr,15,2,26,20,178,8.9,1,13,28,1.3,11.9,76.9%,6.8,9,47,1,4,10,5.2,3.1,0.6,29,7.8,225,2,2
d229c6296923fcae4a66e177dab66d52,Mack Hollins,MIA,28,wr,17,3,28,14,223,15.9,4,11,65,0.8,13.1,50.0%,8.0,,,,0,,,,,14,15.9,223,4,0
e9568694974f723709dca9d8d8488932,Sam Darnold,CAR,24,QB,12,11,0,0,0,,0,0,0,0.0,0.0,0.0%,,48,222,5,20,30,4.6,18.5,4.0,48,4.6,222,5,9
561c1b860df0ec89459e75d204fa8bf7,Hayden Hurst,ATL,28,te,13,5,31,26,221,8.5,3,11,33,2.0,17.0,83.9%,7.1,,,,0,,,,,26,8.5,221,3,3
520b7207cea298c63e3c3332b8cc8abd,Cam Sims,WAS,25,wr,14,3,23,15,211,14.1,2,11,43,1.1,15.1,65.2%,9.2,1,7,0,0,7,7.0,0.5,0.1,16,13.6,218,2,0

7ee4f0acc428902762f7be9686c771b0,Jordan Akins,HOU,29,te,13,3,33,24,214,8.9,0,11,31,1.8,16.5,72.7%,6.5,1,3,0,1,3,3.0,0.2,0.1,25,8.7,217,0,2
6053f6d185ae4fdbe07dd0763e20801f,Carson Wentz,IND,29,QB,17,17,0,0,0,,0,0,0,0.0,0.0,0.0%,,57,215,1,21,18,3.8,12.6,3.4,57,3.8,215,1,8
1aa1a01a1044fd106ab9bdec4d038545,Marcedes Lewis,GNB,37,TE,17,17,28,23,214,9.3,0,10,23,1.4,12.6,82.1%,7.6,,,,0,,,,,23,9.3,214,0,1
5a411fd17bf583e9f67bcdb8e320b5ef,Geoff Swaim,TEN,28,TE,16,16,40,31,210,6.8,3,12,26,1.9,13.1,77.5%,5.3,,,,0,,,,,31,6.8,210,3,0
7990ad3aff101262958e4ade8f24b329,Antoine Wesley,ARI,24,wr,15,4,32,19,208,10.9,3,9,33,1.3,13.9,59.4%,6.5,,,,0,,,,,19,10.9,208,3,0
1fdcff0698d6515cebd2d0f2ce63076d,Ke'Shawn Vaughn,TAM,24,rb,12,1,8,4,26,6.5,0,1,8,0.3,2.2,50.0%,3.3,36,180,2,9,55,5.0,15.0,3.0,40,5.2,206,2,0
723e8ca5bcdc6f48c91ea86ac98505c5,Ashton Dulin,IND,24,wr,17,1,22,13,173,13.3,2,9,62,0.8,10.2,59.1%,7.9,3,32,0,1,37,10.7,1.9,0.2,16,12.8,205,2,0
0b43e0f58c2a49c795143d72e23cd8c4,Demetric Felton,CLE,23,rb,16,2,21,18,181,10.1,2,10,33,1.1,11.3,85.7%,8.6,7,24,0,0,12,3.4,1.5,0.4,25,8.2,205,2,4
883a234a42b50c62b7682dfe1526330f,Quintez Cephus,DET,23,wr,5,3,22,15,204,13.6,2,9,46,3.0,40.8,68.2%,9.3,,,,0,,,,,15,13.6,204,2,0
fab746b4539f145abfda124cfbc10b5c,Robert Tonyan,GNB,27,te,8,5,29,18,204,11.3,2,10,33,2.3,25.5,62.1%,7.0,,,,0,,,,,18,11.3,204,2,0
7a7eb1afbb1b55b879bdf0158b661609,James Proche,BAL,25,,14,0,20,16,202,12.6,0,10,32,1.1,14.4,80.0%,10.1,,,,0,,,,,16,12.6,202,0,0
251ad3cfc191be5c411ad7c3a3744515,Matt Breida,BUF,26,,9,0,9,7,72,10.3,2,4,23,0.8,8.0,77.8%,8.0,26,125,1,5,28,4.8,13.9,2.9,33,6.0,197,3,1
fe2447ad0ab966b305e2f40cfaa902dc,Logan Thomas,WAS,30,te,6,6,25,18,196,10.9,3,10,35,3.0,32.7,72.0%,7.8,,,,0,,,,,18,10.9,196,3,1
d77dddac3b2868d6e914c847ac9050c5,Trey Sermon,SFO,22,rb,9,2,4,3,26,8.7,0,1,23,0.3,2.9,75.0%,6.5,41,167,1,9,16,4.1,18.6,4.6,44,4.4,193,1,0
6bf43af38ccb50ce908e5e4d7670bb71,Maxx Williams,ARI,27,te,5,5,17,16,193,12.1,1,9,34,3.2,38.6,94.1%,11.4,,,,0,,,,,16,12.1,193,1,0
b89aab3032bf093302d9dff7a620093e,Tommy Tremble,CAR,21,TE,16,11,35,20,180,9.0,1,10,30,1.3,11.3,57.1%,5.1,3,11,1,1,7,3.7,0.7,0.2,23,8.3,191,2,0
7429261af1750fc0f82dc11275aaa514,Donald Parham,LAC,24,te,14,9,27,20,190,9.5,3,13,22,1.4,13.6,74.1%,7.0,,,,0,,,,,20,9.5,190,3,0
cc29f548fa2cec3a1d8c6e4c2927658e,Ian Thomas,CAR,25,TE,17,13,30,18,188,10.4,0,6,41,1.1,11.1,60.0%,6.3,,,,0,,,,,18,10.4,188,0,0
d063c02875b0eb6e616e83902047b9f7,Zach Wilson,NYJ,22,QB,13,13,1,0,0,,0,0,0,0.0,0.0,0.0%,0.0,29,185,4,10,52,6.4,14.2,2.2,29,6.4,185,4,5
e87bec1e93276ca5307dff699fb4831d,Noah Brown,DAL,25,wr,13,1,25,16,184,11.5,0,6,27,1.2,14.2,64.0%,7.4,,,,0,,,,,16,11.5,184,0,0
d8ed864c990b118d411763b41fb552c1,N'Keal Harry,NWE,24,wr,12,4,22,12,184,15.3,0,7,43,1.0,15.3,54.5%,8.4,,,,0,,,,,12,15.3,184,0,1
6438f3905eb8c895d14342b1e9960a62,Russell Wilson*,SEA,33,QB,14,14,0,0,0,,0,0,0,0.0,0.0,0.0%,,43,183,2,17,17,4.3,13.1,3.1,43,4.3,183,2,6
3fae2ed462b05473d27f1e7aa8e5a3cc,Giovani Bernard,TAM,30,,12,0,29,23,123,5.3,3,8,32,1.9,10.3,79.3%,4.2,8,58,0,3,24,7.3,4.8,0.7,31,5.8,181,3,1
bb4e63de8c211e9d0f6cf9b7403ddf88,Godwin Igwebuike,DET,27,rb,17,1,10,7,60,8.6,0,4,18,0.4,3.5,70.0%,6.0,18,118,1,7,42,6.6,6.9,1.1,25,7.1,178,1,2
4744742b588ac2183cf078966be0fbdd,Brevin Jordan,HOU,21,te,9,2,28,20,178,8.9,3,10,27,2.2,19.8,71.4%,6.4,,,,0,,,,,20,8.9,178,3,0
5a6824e05df51eeace473317fd516307,Mohamed Sanu,SFO,32,,8,0,24,15,177,11.8,0,12,21,1.9,22.1,62.5%,7.4,,,,0,,,,,15,11.8,177,0,0
ddffe19fbd57c58de451afd93b0af21d,Kendall Hinton,DEN,24,wr,16,1,23,15,175,11.7,1,10,40,0.9,10.9,65.2%,7.6,,,,0,,,,,15,11.7,175,1,0
c5017da10851fb5ffaa88e2ae6af3e0b,Anthony Schwartz,CLE,21,wr,14,2,23,10,135,13.5,1,6,44,0.7,9.6,43.5%,5.9,6,39,0,4,17,6.5,2.8,0.4,16,10.9,174,1,0
4f6325e0d2c125a719e16cbb27c0f6b7,Tyler Kroft,NYJ,29,te,9,6,25,16,173,10.8,1,9,26,1.8,19.2,64.0%,6.9,,,,0,,,,,16,10.8,173,1,0
5dff79b2a8f46deeedae360f4f4adb5b,Pharaoh Brown,HOU,27,TE,15,12,34,23,171,7.4,0,6,29,1.5,11.4,67.6%,5.0,,,,0,,,,,23,7.4,171,0,1

7881f2d5ee0117c596e02525a35cdadb,Tony Jones,NOR,24,rb,11,4,8,5,29,5.8,0,2,19,0.5,2.6,62.5%,3.6,54,142,0,7,11,2.6,12.9,4.9,59,2.9,171,0,0
7bcaee22c1385de65557405378e32968,Corey Clement,DAL,27,,17,0,7,6,29,4.8,1,1,8,0.4,1.7,85.7%,4.1,33,140,0,7,38,4.2,8.2,1.9,39,4.3,169,1,0
f4266a11fa29eeaa37e078810bcad9e4,Jerick McKinnon,KAN,29,,13,0,20,13,107,8.2,1,6,14,1.0,8.2,65.0%,5.4,12,62,0,2,18,5.2,4.8,0.9,25,6.8,169,1,0
0af444689b799aaa749c31545b7613b9,Trey Lance,SFO,21,qb,6,2,0,0,0,,0,0,0,0.0,0.0,0.0%,,38,168,1,8,15,4.4,28.0,6.3,38,4.4,168,1,0
9347901c5fb2d76f316a35b9da8a704a,Zach Gentry,PIT,25,TE,17,12,25,19,167,8.8,0,11,25,1.1,9.8,76.0%,6.7,,,,0,,,,,19,8.8,167,0,0
60b3f8aa3a5ab7cfe5314bc8793b6ac7,Jimmy Graham,CHI,35,te,15,6,23,14,167,11.9,3,10,28,0.9,11.1,60.9%,7.3,,,,0,,,,,14,11.9,167,3,0
7ec3c0a79b243b3e67427129c83a0e9a,Jameis Winston,NOR,27,qb,7,7,0,0,0,,0,0,0,0.0,0.0,0.0%,,32,166,1,17,20,5.2,23.7,4.6,32,5.2,166,1,2
e927322bf37d1a8c0a0d01013922e5e9,Stephen Anderson,LAC,28,te,17,4,19,16,165,10.3,1,9,34,0.9,9.7,84.2%,8.7,,,,0,,,,,16,10.3,165,1,0
d1b140cd6c5294f1f51dfb2a311a0a2a,Jakeem Grant*,2TM,29,,15,0,17,11,132,12.0,2,7,46,0.7,8.8,64.7%,7.8,5,33,0,2,13,6.6,2.2,0.3,16,10.3,165,2,3
7967d0614c86da1fd1abe41db13ed05e,Breshad Perriman,TAM,28,,6,0,18,11,167,15.2,1,5,58,1.8,27.8,61.1%,9.3,1,-3,0,0,-3,-3.0,-0.5,0.2,12,13.7,164,1,0
2b27867adf627a187f86c6914501c6d8,Parris Campbell,IND,24,wr,6,3,20,10,162,16.2,1,7,51,1.7,27.0,50.0%,8.1,,,,0,,,,,10,16.2,162,1,0
c5ed7319259e0b83caf3e1a6017a58a0,Dyami Brown,WAS,22,wr,15,6,25,12,165,13.8,0,6,48,0.8,11.0,48.0%,6.6,1,-4,0,0,-4,-4.0,-0.3,0.1,13,12.4,161,0,0
4a915c6b919e9f38fd6cd281abc30045,Isaiah Ford,MIA,25,wr,13,2,17,12,161,13.4,2,7,52,0.9,12.4,70.6%,9.5,,,,0,,,,,12,13.4,161,2,0
76ff9051e95c38ad8b80e06cf19b7918,Eno Benjamin,ARI,22,,9,0,7,6,42,7.0,0,4,12,0.7,4.7,85.7%,6.0,34,118,1,4,21,3.5,13.1,3.8,40,4.0,160,1,0
2e440a1af7cefbe74a338140a48812ce,C.J. Ham,MIN,28,fb,17,8,18,17,125,7.4,0,6,27,1.0,7.4,94.4%,6.9,7,34,0,3,30,4.9,2.0,0.4,24,6.6,159,0,0
460bcbcda2836aaa62e67c094f0c93d3,Juwan Johnson,NOR,25,te,14,2,22,13,159,12.2,4,12,27,0.9,11.4,59.1%,7.2,,,,0,,,,,13,12.2,159,4,0
a4b1b92b14108dfce8bed5fb9ba4ab99,Marcus Johnson,TEN,27,wr,7,3,19,9,160,17.8,0,7,50,1.3,22.9,47.4%,8.4,2,-2,0,1,5,-1.0,-0.3,0.3,11,14.4,158,0,0
84ce5c5981df6a659986dad33abf81e5,KhaDarel Hodge,DET,26,wr,16,1,27,13,157,12.1,0,7,42,0.8,9.8,48.1%,5.8,,,,0,,,,,13,12.1,157,0,0
8f0c9a6f337e47a32032f13e859eb6c1,DJ Chark,JAX,25,wr,4,4,22,7,154,22.0,2,7,41,1.8,38.5,31.8%,7.0,,,,0,,,,,7,22.0,154,2,0
ea057b343305932edc54db6da13a33db,Tyrod Taylor,HOU,32,qb,6,6,0,0,0,,0,0,0,0.0,0.0,0.0%,,19,151,3,6,30,7.9,25.2,3.2,19,7.9,151,3,3
c753db378ee85dd68ea3ade2b89bfdd9,Malik Turner,DAL,25,,14,0,16,12,149,12.4,3,8,61,0.9,10.6,75.0%,9.3,,,,0,,,,,12,12.4,149,3,0
34532b329ccca52d2a94fca0611461f2,Dak Prescott,DAL,28,QB,16,16,0,0,0,,0,0,0,0.0,0.0,0.0%,,48,146,1,7,21,3.0,9.1,3.0,48,3.0,146,1,14
b13c9277579cae42e70f3b8867cd0b27,Baker Mayfield,CLE,26,QB,14,14,0,0,11,,0,0,0,0.0,0.8,0.0%,,37,134,1,12,14,3.6,9.6,2.6,37,3.9,145,1,6
830d92197cbb0c2a34c80ee04845877d,MyCole Pruitt,TEN,29,te,16,9,18,14,145,10.4,3,10,22,0.9,9.1,77.8%,8.1,,,,0,,,,,14,10.4,145,3,0
1e0de08bd09ba2ee40f580d9cedf0afd,Joshua Kelley,LAC,24,,10,0,6,5,38,7.6,0,1,17,0.5,3.8,83.3%,6.3,33,102,0,5,14,3.1,10.2,3.3,38,3.7,140,0,1
3cbf0cd0da7dafb871e33e9d1b545613,Ty Montgomery,NOR,28,wr,14,3,26,16,95,5.9,0,5,21,1.1,6.8,61.5%,3.7,15,44,0,2,9,2.9,3.1,1.1,31,4.5,139,0,0
04cc0b2fa9c5b385fa5b9588ed5e4215,Terrace Marshall Jr.,CAR,21,wr,13,3,30,17,138,8.1,0,7,23,1.3,10.6,56.7%,4.6,,,,0,,,,,17,8.1,138,0,0
fdb402c16c23c0bc05f173c1ba2d521c,JuJu Smith-Schuster,PIT,25,,5,5,28,15,129,8.6,0,6,24,3.0,25.8,53.6%,4.6,3,9,1,1,3,3.0,1.8,0.6,18,7.7,138,1,0
c2881ec49927399e44df8c8e35c57a75,Malcolm Brown,MIA,28,rb,7,3,5,3,10,3.3,0,0,7,0.4,1.4,60.0%,2.0,33,125,1,6,24,3.8,17.9,4.7,36,3.8,135,1,0
b69e4a2d7b20924834aef440f5a5138f,O.J. Howard,TAM,27,te,17,9,21,14,135,9.6,1,10,21,0.8,7.9,66.7%,6.4,,,,0,,,,,14,9.6,135,1,0

1eea0829953439bd73d5f8999d369a07,Denzel Mims,NYJ,24,wr,11,3,23,8,133,16.6,0,5,40,0.7,12.1,34.8%,5.8,,,,0,,,,,8,16.6,133,0,0
92ff928862c84f4cb5c6dca8ab5b1885,Ben Skowronek,LAR,24,wr,14,1,20,11,133,12.1,0,7,35,0.8,9.5,55.0%,6.7,,,,0,,,,,11,12.1,133,0,0
b5c74492df9d2085800963a884ce9b15,Nick Vannett,NOR,28,te,7,2,15,9,133,14.8,1,7,30,1.3,19.0,60.0%,8.9,,,,0,,,,,9,14.8,133,1,0
d9c74140a57a0886a5f33bbf0b05691b,James White,NWE,29,,3,0,14,12,94,7.8,0,5,28,4.0,31.3,85.7%,6.7,10,38,1,4,10,3.8,12.7,3.3,22,6.0,132,1,0
6b464b0c47fe28a46c958b4ec916e9da,Le'Veon Bell,2TM,29,,8,0,7,5,30,6.0,1,3,15,0.6,3.8,71.4%,4.3,39,101,2,9,12,2.6,12.6,4.9,44,3.0,131,3,0
7436b048c190853bc86c87ba168aa5d9,Mac Jones*,NWE,23,QB,17,17,0,0,0,,0,0,0,0.0,0.0,0.0%,,44,129,0,22,13,2.9,7.6,2.6,44,2.9,129,0,7
5fc934f546e5415d7bee49973838fb42,Elijhaa Penny,NYG,28,rb,17,3,13,9,30,3.3,1,4,16,0.5,1.8,69.2%,2.3,24,99,1,9,12,4.1,5.8,1.4,33,3.9,129,2,0
d11913737f22ea804b66893b3b5af29f,Tua Tagovailoa,MIA,23,QB,13,12,0,0,0,,0,0,0,0.0,0.0,0.0%,,42,128,3,13,23,3.0,9.8,3.2,42,3.0,128,3,9
e7b02d55cd968844b8d57a15655817b7,Wayne Gallman,2TM,27,,8,0,3,1,21,21.0,0,1,21,0.1,2.6,33.3%,7.0,28,104,0,5,17,3.7,13.0,3.5,29,4.3,125,0,0
57cb75c9fa96ebd61dc0d4ddad10ec3f,D'Wayne Eskridge,SEA,24,,10,0,20,10,64,6.4,1,4,17,1.0,6.4,50.0%,3.2,4,59,0,2,30,14.8,5.9,0.4,14,8.8,123,1,0
e2168ca4bcd47632f942a970b61e007b,Joe Burrow,CIN,25,QB,16,16,0,0,0,,0,0,0,0.0,0.0,0.0%,,40,118,2,14,12,3.0,7.4,2.5,40,3.0,118,2,5
8e119c0091f160061a7a55c319234174,Qadree Ollison,ATL,25,,8,0,6,4,12,3.0,0,1,8,0.5,1.5,66.7%,2.0,21,105,1,7,19,5.0,13.1,2.6,25,4.7,117,1,1
ad18bd16259cd3bd2c33cf40328c293f,Brock Wright,DET,23,te,10,5,17,12,117,9.8,2,6,36,1.2,11.7,70.6%,6.9,,,,0,,,,,12,9.8,117,2,0
f5703261c3546d8b4b331046f3987f8e,Ihmir Smith-Marsette,MIN,22,wr,8,1,6,5,116,23.2,2,4,44,0.6,14.5,83.3%,19.3,,,,0,,,,,5,23.2,116,2,0
a47cce4d3b46564b75a2873bd42fb6ae,Kirk Cousins*,MIN,33,QB,16,16,0,0,0,,0,0,0,0.0,0.0,0.0%,,29,115,1,8,29,4.0,7.2,1.8,29,4.0,115,1,12
b6d0ce458c9d1ddf386ca0ef47e1c4d2,Jalen Richard,LVR,28,,10,0,14,12,72,6.0,0,4,19,1.2,7.2,85.7%,5.1,9,40,0,3,23,4.4,4.0,0.9,21,5.3,112,0,0
40d476166a9011cb90b6437bcb66bc50,Jeff Smith,NYJ,24,wr,12,3,17,8,113,14.1,0,6,35,0.7,9.4,47.1%,6.6,1,-1,0,0,-1,-1.0,-0.1,0.1,9,12.4,112,0,0
cb0da49218ec82ead1ef71acb8bcad23,Equanimeous St. Brown,GNB,25,wr,13,2,17,9,98,10.9,0,6,26,0.7,7.5,52.9%,5.8,3,14,0,2,13,4.7,1.1,0.2,12,9.3,112,0,0
df8160d8c0a4307fae92d7c24a5e6024,Benny Snell Jr.,PIT,23,,17,0,4,2,13,6.5,0,0,7,0.1,0.8,50.0%,3.3,36,98,0,3,9,2.7,5.8,2.1,38,2.9,111,0,0
6bffe95298ecc2b10b37b78977ab6267,Phillip Dorsett,3TM,28,,6,0,14,7,110,15.7,0,3,36,1.2,18.3,50.0%,7.9,1,0,0,0,0,0.0,0.0,0.2,8,13.8,110,0,0
401f7c9a345da858c75ff3e93d582a4b,Adam Shaheen,MIA,27,te,12,7,16,12,110,9.2,0,5,21,1.0,9.2,75.0%,6.9,,,,0,,,,,12,9.2,110,0,0
3ac8948267f7af1261878890d7c0eb18,Austin Walter,NYJ,25,,4,0,3,2,9,4.5,0,1,11,0.5,2.3,66.7%,3.0,26,101,1,5,14,3.9,25.3,6.5,28,3.9,110,1,0
045023f451e0a28bad8b9292f9e55ffd,Marlon Mack,IND,25,,6,0,5,2,8,4.0,0,0,7,0.3,1.3,40.0%,1.6,28,101,0,6,22,3.6,16.8,4.7,30,3.6,109,0,0
55d10f9c888c5d2ad0209d4ce0016243,Derek Carr,LVR,30,QB,17,17,0,0,0,,0,0,0,0.0,0.0,0.0%,,40,108,0,9,22,2.7,6.4,2.4,40,2.7,108,0,13
ca3c873bb41221f15e983ce5ce184a76,Jonathan Williams,WAS,27,,5,0,6,4,28,7.0,0,2,19,0.8,5.6,66.7%,4.7,17,79,1,7,23,4.6,15.8,3.4,21,5.1,107,1,0
a21bc2c5dc89737e536f39ad660d0438,Teddy Bridgewater,DEN,29,QB,14,14,0,0,0,,0,0,0,0.0,0.0,0.0%,,30,106,2,16,13,3.5,7.6,2.1,30,3.5,106,2,1
da289118280325bf1d91339691dcc18e,Kylen Granson,IND,23,,17,0,15,11,106,9.6,0,4,27,0.6,6.2,73.3%,7.1,,,,0,,,,,11,9.6,106,0,0
56c35bf1c3066c442b05d1abbcd7bb9b,Adrian Peterson,2TM,36,,4,3,4,4,8,2.0,0,0,5,1.0,2.0,100.0%,2.0,38,98,2,6,16,2.6,24.5,9.5,42,2.5,106,2,1
9ec2c6063dd1ad08c45113ee87b67702,Collin Johnson,NYG,24,wr,12,1,21,11,105,9.5,0,6,16,0.9,8.8,52.4%,5.0,,,,0,,,,,11,9.5,105,0,0
24a77c47665b19e51ed21addbb8527c1,Trinity Benson,DET,24,wr,8,2,22,10,103,10.3,0,4,24,1.3,12.9,45.5%,4.7,,,,0,,,,,10,10.3,103,0,0

dc398284fd7ab7528680e65fae2df516,Shi Smith,CAR,23,,6,0,11,6,104,17.3,0,3,63,1.0,17.3,54.5%,9.5,1,-3,0,0,-3,-3.0,-0.5,0.2,7,14.4,101,0,0
045d01167e6df9db9a97dae0b4486b68,Blake Bell,KAN,30,te,16,5,13,9,87,9.7,0,4,24,0.6,5.4,69.2%,6.7,4,10,0,4,3,2.5,0.6,0.3,13,7.5,97,0,0
8a951b67117dbc251b4405e3d9bbae42,Jermar Jefferson,DET,21,,7,0,5,4,23,5.8,0,2,11,0.6,3.3,80.0%,4.6,15,74,2,4,28,4.9,10.6,2.1,19,5.1,97,2,0
2a74d26f6a750f33178624b75cd02e07,Aaron Rodgers*+,GNB,38,QB,16,16,1,1,-4,-4.0,0,0,-4,0.1,-0.3,100.0%,-4.0,33,101,3,10,18,3.1,6.3,2.1,34,2.9,97,3,3
8ce1a64e425e40b374869ef20dd4086b,Ryquell Armstead,JAX,25,,2,0,4,3,16,5.3,0,1,9,1.5,8.0,75.0%,4.0,15,80,0,3,26,5.3,40.0,7.5,18,5.3,96,0,0
9a80ff286b625c709e452f291797fc70,Blake Jarwin,DAL,27,,8,5,17,11,96,8.7,2,5,20,1.4,12.0,64.7%,5.6,,,,0,,,,,11,8.7,96,2,0
0561ab10fce4e559a6ac4c46fc18c3a3,Greg Ward,PHI,26,,17,0,11,7,95,13.6,3,4,27,0.4,5.6,63.6%,8.6,,,,0,,,,,7,13.6,95,3,0
07fefdcf2cf42f78fc84e2b64c64def1,Patrick Taylor,GNB,23,,9,0,2,2,3,1.5,0,1,3,0.2,0.3,100.0%,1.5,23,89,1,5,12,3.9,9.9,2.6,25,3.7,92,1,0
0f2d0a0dc108582c1cdd6967ec7555c7,Jared Goff,DET,27,QB,14,14,0,0,0,,0,0,0,0.0,0.0,0.0%,,17,87,0,4,26,5.1,6.2,1.2,17,5.1,87,0,9
0363435d6629c0473071a5c75b389f68,Marcus Mariota,LVR,28,,10,0,0,0,0,,0,0,0,0.0,0.0,0.0%,,13,87,1,6,31,6.7,8.7,1.3,13,6.7,87,1,1
ba7582ad3ff75f1ad2c80810cb0b6ab4,Dante Pettis,NYG,26,,3,0,16,10,87,8.7,1,5,27,3.3,29.0,62.5%,5.4,,,,0,,,,,10,8.7,87,1,1
ee6ab5fd1d9d8c61aef1669a01bab712,Trent Sherfield,SFO,25,wr,17,1,20,9,87,9.7,1,7,18,0.5,5.1,45.0%,4.4,,,,0,,,,,9,9.7,87,1,0
a3775ffb3e467d31be4731edc3155a2a,Keith Smith,ATL,29,fb,17,8,10,9,56,6.2,0,3,11,0.5,3.3,90.0%,5.6,9,31,0,3,8,3.4,1.8,0.5,18,4.8,87,0,0
7f03c55db077c512c190aa5e36720373,Alec Ingold,LVR,25,fb,9,3,12,10,85,8.5,1,4,29,1.1,9.4,83.3%,7.1,2,1,0,1,1,0.5,0.1,0.2,12,7.2,86,1,0
c338fd1df7c15937a07ea7ff5938e577,Larry Rountree,LAC,22,,12,0,2,1,-1,-1.0,0,0,0,0.1,-0.1,50.0%,-0.5,36,87,1,5,13,2.4,7.3,3.0,37,2.3,86,1,0
89c749bacb6203a0be5894a0279bd687,Eric Ebron,PIT,28,,8,3,18,12,84,7.0,1,6,19,1.5,10.5,66.7%,4.7,1,1,1,1,1,1.0,0.1,0.1,13,6.5,85,2,0
56b6b5610192f7445303c3e7a925bead,Dax Milne,WAS,22,wr,13,1,14,9,83,9.2,0,4,22,0.7,6.4,64.3%,5.9,1,1,0,0,1,1.0,0.1,0.1,10,8.4,84,0,1
79cba749428f5e43bf280af774217567,Matt Ryan,ATL,36,QB,17,17,0,0,0,,0,0,0,0.0,0.0,0.0%,,40,82,1,9,17,2.1,4.8,2.4,40,2.1,82,1,11
cdb2ea417e9eba6b3f5b400c2d6ad5dc,Tom Brady*,TAM,44,QB,17,17,0,0,0,,0,0,0,0.0,0.0,0.0%,,28,81,2,14,13,2.9,4.8,1.6,28,2.9,81,2,4
1b227995328070a6294f1f300c36f643,Scott Miller,TAM,24,,9,0,9,5,38,7.6,0,2,13,0.6,4.2,55.6%,4.2,2,43,1,2,33,21.5,4.8,0.2,7,11.6,81,1,0
89ba701d99fa280d475f44b9c0bc6bb9,Drew Sample,CIN,25,te,17,8,15,11,81,7.4,0,3,19,0.6,4.8,73.3%,5.4,,,,0,,,,,11,7.4,81,0,0
a38ab2546272d5655e9b0e691e1b0bfd,Preston Williams,MIA,24,wr,8,3,16,6,71,11.8,0,3,34,0.8,8.9,37.5%,4.4,1,7,0,0,7,7.0,0.9,0.1,7,11.1,78,0,0
ecc83e2a7504a2be86ea60a0622393e7,Andy Dalton,CHI,34,qb,8,6,0,0,0,,0,0,0,0.0,0.0,0.0%,,16,76,0,2,14,4.8,9.5,2.0,16,4.8,76,0,1
5ab237fbe7a85786cc1b5bb3ab044d10,KJ Hamler,DEN,22,wr,3,2,10,5,74,14.8,0,4,28,1.7,24.7,50.0%,7.4,,,,0,,,,,5,14.8,74,0,0
c1ff9822377e4e6ad84539a2c5b2a210,Chris Manhertz,JAX,29,te,17,10,9,6,71,11.8,1,4,22,0.4,4.2,66.7%,7.9,,,,0,,,,,6,11.8,71,1,0
16393c8c73dedc3de32a285cf3873677,Jacoby Brissett,MIA,29,qb,11,5,0,0,0,,0,0,0,0.0,0.0,0.0%,,19,70,1,9,19,3.7,6.4,1.7,19,3.7,70,1,6
9c4d79f93fb8f05f4affd54e420274b3,Kene Nwangwu,MIN,23,,11,0,5,4,9,2.3,0,0,6,0.4,0.8,80.0%,1.8,13,61,0,3,19,4.7,5.5,1.2,17,4.1,70,0,0
7cdccfffa09604369673836ee50a9cfa,Kenny Stills,NOR,29,wr,13,4,23,6,68,11.3,1,4,22,0.5,5.2,26.1%,3.0,1,1,0,0,1,1.0,0.1,0.1,7,9.9,69,1,0
3dcadd4b18da005dd497056078acedb3,Dede Westbrook,MIN,28,,15,0,15,10,68,6.8,0,3,17,0.7,4.5,66.7%,4.5,,,,0,,,,,10,6.8,68,0,2
04fcaf54ff56066c4c4d773b59c8398d,Patrick Ricard*,BAL,27,FB,13,11,13,8,63,7.9,1,3,22,0.6,4.8,61.5%,4.8,2,4,0,2,2,2.0,0.3,0.2,10,6.7,67,1,0

cfe125c168718eb3699c28887d99abaf,Jonathan Ward,ARI,24,,13,0,4,3,34,11.3,0,1,23,0.2,2.6,75.0%,8.5,9,33,0,3,7,3.7,2.5,0.7,12,5.6,67,0,0
4e3b158b99d0fe688e00f9ca7839418e,Josh Oliver,BAL,24,te,14,1,15,9,66,7.3,0,4,19,0.6,4.7,60.0%,4.4,,,,0,,,,,9,7.3,66,0,1
9e502da888cd260260592cd9a1f2fcb5,Jake Fromm,NYG,23,qb,3,2,0,0,0,,0,0,0,0.0,0.0,0.0%,,8,65,0,4,27,8.1,21.7,2.7,8,8.1,65,0,2
153254d1e79f613e8854b5a3257dc639,Lee Smith,ATL,34,,16,6,11,9,65,7.2,1,3,22,0.6,4.1,81.8%,5.9,,,,0,,,,,9,7.2,65,1,0
e89b6d7fe4334376d27796d6259fecca,Ja'Marcus Bradley,CLE,25,,5,0,4,4,64,16.0,0,2,37,0.8,12.8,100.0%,16.0,,,,0,,,,,4,16.0,64,0,0
efe8a3a6f916102263c6343fdd119931,Jesse James,CHI,27,te,14,9,8,7,62,8.9,1,3,19,0.5,4.4,87.5%,7.8,,,,0,,,,,7,8.9,62,1,0
921fc569bada1d68c9920af3decfecca,Penny Hart,SEA,25,,17,0,12,7,59,8.4,0,3,16,0.4,3.5,58.3%,4.9,,,,0,,,,,7,8.4,59,0,0
9354c2b561e5938566d0c0bae5b25d32,Juwann Winfree,GNB,25,,7,0,13,8,58,7.3,0,5,12,1.1,8.3,61.5%,4.5,,,,0,,,,,8,7.3,58,0,2
d3f42437723d9aaca8a722409746d646,C.J. Board,NYG,28,wr,6,1,6,4,51,12.8,0,3,38,0.7,8.5,66.7%,8.5,1,6,0,0,6,6.0,1.0,0.2,5,11.4,57,0,0
6e9df45ccaec1d27b26609db031cade1,Mike Boone,DEN,26,,8,0,2,2,22,11.0,0,1,19,0.3,2.8,100.0%,11.0,4,35,0,2,16,8.8,4.4,0.5,6,9.5,57,0,0
4cb8ef8ff5495af809bd61b1ddb70ed3,Michael Burton,KAN,29,,16,0,3,3,31,10.3,0,2,20,0.2,1.9,100.0%,10.3,8,26,1,8,7,3.3,1.6,0.5,11,5.2,57,1,0
b9d3df2210f0881dea9c6bcced048c03,Luke Farrell,JAX,24,te,15,4,11,7,56,8.0,0,3,21,0.5,3.7,63.6%,5.1,,,,0,,,,,7,8.0,56,0,1
69d37beb682e9cc53c39e1facfe7a6ed,Jason Moore,LAC,26,wr,2,1,4,3,56,18.7,0,3,24,1.5,28.0,75.0%,14.0,,,,0,,,,,3,18.7,56,0,0
735c8be5c3ffe4e8b04d8c6b107c0b2f,Amari Rodgers,GNB,22,wr,16,1,8,4,45,11.3,0,2,19,0.3,2.8,50.0%,5.6,1,11,0,1,11,11.0,0.7,0.1,5,11.2,56,0,2
7d88801ba155cebbd761b76988c7de55,Alex Erickson,CAR,29,,17,0,4,3,55,18.3,0,2,25,0.2,3.2,75.0%,13.8,,,,0,,,,,3,18.3,55,0,0
f9a21e30e47feeb3d5732ba5d60c8ea7,Jacob Hollister,JAX,28,te,7,2,14,9,55,6.1,1,2,11,1.3,7.9,64.3%,3.9,,,,0,,,,,9,6.1,55,1,0
a719ea6762364b8bb833e9f528b041c7,Trayveon Williams,CIN,24,,5,0,2,1,4,4.0,0,0,4,0.2,0.8,50.0%,2.0,15,51,0,4,10,3.4,10.2,3.0,16,3.4,55,0,0
dd4a7121a6b6751b576cb01f8f005f92,Jaelon Darden,TAM,22,,9,0,12,6,43,7.2,0,1,29,0.7,4.8,50.0%,3.6,1,11,0,1,11,11.0,1.2,0.1,7,7.7,54,0,0
babfb690fb36d0936a1ff7e153549380,Tom Kennedy,DET,25,,12,0,10,6,54,9.0,0,2,15,0.5,4.5,60.0%,5.4,,,,0,,,,,6,9.0,54,0,0
42edcce61d769b8b13a86819a86a872a,Drew Lock,DEN,25,qb,6,3,1,1,1,1.0,0,0,1,0.2,0.2,100.0%,1.0,10,53,2,5,23,5.3,8.8,1.7,11,4.9,54,2,2
3ee44a640901785acaaeba233910e145,Andre Roberts,2TM,33,,16,0,2,1,35,35.0,0,1,35,0.1,2.2,50.0%,17.5,3,19,0,0,9,6.3,1.2,0.2,4,13.5,54,0,3
13f919fc4c09e5743be38c3311993f6f,Mason Rudolph,PIT,26,qb,2,1,0,0,0,,0,0,0,0.0,0.0,0.0%,,5,53,0,3,26,10.6,26.5,2.5,5,10.6,53,0,1
95ebc8b8adaeea360844f4cc723deb2b,Mike Thomas,CIN,27,wr,12,1,11,5,52,10.4,0,3,19,0.4,4.3,45.5%,4.7,,,,0,,,,,5,10.4,52,0,0
0784a51e2fdf4c2e73e31d0827070dc7,Charlie Woerner,SFO,24,te,17,3,6,5,52,10.4,0,3,27,0.3,3.1,83.3%,8.7,,,,0,,,,,5,10.4,52,0,0
b4ff5bb76adc4ac20301bcd24dec1334,Ross Dwelley,SFO,26,te,17,2,5,4,51,12.8,1,2,21,0.2,3.0,80.0%,10.2,,,,0,,,,,4,12.8,51,1,0
c29620629cc91dd8faa2ff5bb480329a,Jimmy Garoppolo,SFO,30,QB,15,15,0,0,0,,0,0,0,0.0,0.0,0.0%,,38,51,3,15,7,1.3,3.4,2.5,38,1.3,51,3,8
d0d0a253b5e551986e0ef5c938a92930,Jason Huntley,PHI,23,,1,0,1,0,0,,0,0,0,0.0,0.0,0.0%,0.0,13,51,0,2,18,3.9,51.0,13.0,13,3.9,51,0,0
ce35fd22a7e36baf67a7b641f30ef909,Dez Fitzpatrick,TEN,24,,4,0,8,5,49,9.8,1,4,18,1.3,12.3,62.5%,6.1,,,,0,,,,,5,9.8,49,1,0
cb0b61c7acb4697ce83820c869b4d632,Rodney Smith,CAR,25,,2,0,5,5,48,9.6,0,2,17,2.5,24.0,100.0%,9.6,,,,0,,,,,5,9.6,48,0,0
e5fe5e42f03522d5d93e79e77a1b0bd1,Antony Auclair,HOU,28,TE,16,13,5,5,47,9.4,1,2,15,0.3,2.9,100.0%,9.4,,,,0,,,,,5,9.4,47,1,0

8370d024c009a3d13c6f428ff10a9a68,Joe Fortson,KAN,26,,6,0,5,5,47,9.4,2,3,27,0.8,7.8,100.0%,9.4,,,,0,,,,,5,9.4,47,2,0
e013b64db6d7e052c0fd0d7fdb3e0b84,Eric Saubert,DEN,27,te,17,4,12,8,47,5.9,1,2,11,0.5,2.8,66.7%,3.9,,,,0,,,,,8,5.9,47,1,0
471140006288b76d4616b7a02d03e11b,Wendell Smallwood,WAS,27,,3,0,5,4,22,5.5,0,0,7,1.3,7.3,80.0%,4.4,5,25,0,2,13,5.0,8.3,1.7,9,5.2,47,0,0
db00f9eac9494adb5760ee0a7dbd47df,Tre' McKitty,LAC,22,te,11,4,8,6,45,7.5,0,3,12,0.5,4.1,75.0%,5.6,,,,0,,,,,6,7.5,45,0,0
e361e0e4ae99d079a52db96ca6ccd2c7,J.J. Taylor,NWE,23,,5,0,4,4,8,2.0,0,0,5,0.8,1.6,100.0%,2.0,19,37,2,3,15,1.9,7.4,3.8,23,2.0,45,2,1
64fd3d4929460ed8387ca926bd2d26f3,Kalen Ballage,PIT,26,,17,0,7,2,8,4.0,0,0,6,0.1,0.5,28.6%,1.1,12,36,0,2,13,3.0,2.1,0.7,14,3.1,44,0,0
3e793beb24bb19190d41d0b798ff0a8f,Davis Mills,HOU,23,QB,13,11,0,0,0,,0,0,0,0.0,0.0,0.0%,,18,44,0,5,11,2.4,3.4,1.4,18,2.4,44,0,5
2dc1e1c5bfd585e640ee7014d7f4d774,Tommy Sweeney,BUF,26,te,13,3,12,9,44,4.9,1,3,13,0.7,3.4,75.0%,3.7,,,,0,,,,,9,4.9,44,1,1
68a4bf849c478d4e9190f02acfccf80f,Darren Fells,2TM,35,,9,5,5,4,43,10.8,0,2,24,0.4,4.8,80.0%,8.6,,,,0,,,,,4,10.8,43,0,0
798aef4d247ae88f40f4a5a737291332,Parker Hesse,ATL,26,te,8,1,6,5,43,8.6,0,3,17,0.6,5.4,83.3%,7.2,,,,0,,,,,5,8.6,43,0,0
13e1bba192453ec499dd54ea6f75ddf6,Jakob Johnson,NWE,27,fb,17,6,5,4,43,10.8,0,2,29,0.2,2.5,80.0%,8.6,,,,0,,,,,4,10.8,43,0,0
441e8d598eebd985904aeb7ed56713de,Matthew Stafford,LAR,33,QB,17,17,0,0,0,,0,0,0,0.0,0.0,0.0%,,32,43,0,8,12,1.3,2.5,1.9,32,1.3,43,0,5
93f66643068da0ac7fd1c8b78b13df7a,Geno Smith,SEA,31,qb,4,3,0,0,0,,0,0,0,0.0,0.0,0.0%,,9,42,1,3,12,4.7,10.5,2.3,9,4.7,42,1,1
2e996b84c05a2ad55bb7a2c18564e65f,Kristian Wilkerson,NWE,24,wr,3,1,8,4,42,10.5,2,2,20,1.3,14.0,50.0%,5.3,,,,0,,,,,4,10.5,42,2,0
47819770a951440230870ee9bca7c4a2,Chris Hogan,NOR,34,,5,1,8,4,41,10.3,1,2,16,0.8,8.2,50.0%,5.1,,,,0,,,,,4,10.3,41,1,0
c92bcd4996f0b1acb9c862dec05b5043,Trent Taylor,CIN,27,,4,0,3,2,41,20.5,0,2,26,0.5,10.3,66.7%,13.7,,,,0,,,,,2,20.5,41,0,0
5ed532760b1fee967fd2da4b42a8f662,Chris Herndon,MIN,25,te,16,5,7,4,40,10.0,1,4,17,0.3,2.5,57.1%,5.7,,,,0,,,,,4,10.0,40,1,0
7ff22a4bcc40170766557dd98605cea0,Gunner Olszewski,NWE,25,,16,0,3,2,31,15.5,0,2,22,0.1,1.9,66.7%,10.3,1,9,0,0,9,9.0,0.6,0.1,3,13.3,40,0,3
1fd378ebe5bf7d337b88f546a7708943,Jason Cabinda,DET,25,fb,14,4,7,4,16,4.0,1,2,6,0.3,1.1,57.1%,2.3,3,23,0,2,21,7.7,1.6,0.2,7,5.6,39,1,0
c46ee6728870d63dd57c11c0d91be63e,Greg Dortch,ARI,23,wr,5,2,3,3,15,5.0,0,0,10,0.6,3.0,100.0%,5.0,1,24,0,1,24,24.0,4.8,0.2,4,9.8,39,0,0
84e61b342eadc025d23e981b8dbcb059,Garrett Griffin,NOR,27,te,13,6,4,4,39,9.8,0,2,14,0.3,3.0,100.0%,9.8,,,,0,,,,,4,9.8,39,0,1
9f53b825ff9c7dbc8d05b0e69972f9fa,Auden Tate,CIN,24,,7,0,4,3,39,13.0,1,3,18,0.4,5.6,75.0%,9.8,,,,0,,,,,3,13.0,39,1,0
34063f3fd8f6f43854d933959fa5032d,Curtis Samuel,WAS,25,wr,5,1,9,6,27,4.5,0,4,10,1.2,5.4,66.7%,3.0,4,11,0,0,8,2.8,2.2,0.8,10,3.8,38,0,0
d66374e1f265e1dec5784b2b532ef193,Willie Snead,2TM,29,,9,0,8,4,38,9.5,0,3,15,0.4,4.2,50.0%,4.8,,,,0,,,,,4,9.5,38,0,0
a02afff45b4caeea7d9732d499704119,Kevin White,NOR,29,wr,6,1,5,1,38,38.0,0,1,38,0.2,6.3,20.0%,7.6,,,,0,,,,,1,38.0,38,0,0
e1e6fa3eca086caf9cc8a8e4b7751fea,Kendall Blanton,LAR,26,te,11,2,7,4,37,9.3,0,2,23,0.4,3.4,57.1%,5.3,,,,0,,,,,4,9.3,37,0,1
794ce39204afc8c812b98b455af41365,Colt McCoy,ARI,35,qb,8,3,0,0,0,,0,0,0,0.0,0.0,0.0%,,22,37,0,6,11,1.7,4.6,2.8,22,1.7,37,0,4
e136b25a09e7b187cabf9de4aee459ef,JJ Arcega-Whiteside,PHI,25,wr,16,2,5,2,36,18.0,0,2,23,0.1,2.3,40.0%,7.2,,,,0,,,,,2,18.0,36,0,0
936742c39ea050f357fd72de8fe3f78b,Pharoh Cooper,NYG,26,,8,0,11,4,33,8.3,0,1,15,0.5,4.1,36.4%,3.0,1,3,0,0,3,3.0,0.4,0.1,5,7.2,36,0,0
dffa83944fbe64bd823b382ec9629588,Noah Gray,KAN,22,te,16,1,10,7,36,5.1,1,2,8,0.4,2.3,70.0%,3.6,,,,0,,,,,7,5.1,36,1,0

f9b59f80d3cc847788d5857f1e3fe651,D.J. Montgomery,NYJ,25,,3,0,6,3,36,12.0,0,2,14,1.0,12.0,50.0%,6.0,,,,0,,,,,3,12.0,36,0,0
33d877163525c986a8e71f6f6c4b320f,Kenny Yeboah,NYJ,23,,9,0,3,2,36,18.0,0,2,24,0.2,4.0,66.7%,12.0,,,,0,,,,,2,18.0,36,0,0
1d03ff6498185eea195c13caf6b146ce,Tyler Davis,GNB,24,,14,0,5,4,35,8.8,0,1,22,0.3,2.5,80.0%,7.0,,,,0,,,,,4,8.8,35,0,0
96cf1faf0a76d576cfea301e4ac6d470,Trevon Wesco,NYJ,26,te,12,7,5,3,35,11.7,0,2,19,0.3,2.9,60.0%,7.0,,,,0,,,,,3,11.7,35,0,0
8172d36c79e2b7a3ba66537a354695d0,Dominique Dafney,GNB,24,te,10,2,4,2,34,17.0,0,2,26,0.2,3.4,50.0%,8.5,,,,0,,,,,2,17.0,34,0,0
61822aeddeb7d172226aed77c5038118,Trenton Irwin,CIN,26,,7,0,5,2,34,17.0,0,1,25,0.3,4.9,40.0%,6.8,,,,0,,,,,2,17.0,34,0,0
7c6ea1d8342252d4aff30d11f0fd90a7,Seth Williams,DEN,21,wr,2,1,1,1,34,34.0,0,1,34,0.5,17.0,100.0%,34.0,,,,0,,,,,1,34.0,34,0,0
8afc5d064f29c048991eae8afa36cd57,Shane Zylstra,DET,25,,4,0,7,3,34,11.3,0,2,16,0.8,8.5,42.9%,4.9,,,,0,,,,,3,11.3,34,0,0
b62a1ede2b64cb3e0ac9d7d9e77ab230,Mike Glennon,NYG,32,qb,6,4,0,0,0,,0,0,0,0.0,0.0,0.0%,,7,33,1,2,13,4.7,5.5,1.2,7,4.7,33,1,6
de838e82ed16d923c6c9f02a1867c5d3,Cody Hollister,TEN,28,wr,3,1,7,4,33,8.3,0,4,14,1.3,11.0,57.1%,4.7,,,,0,,,,,4,8.3,33,0,0
c76ed793c794f9a07e394c02dac04e45,Colby Parkinson,SEA,22,te,14,1,8,5,33,6.6,0,2,12,0.4,2.4,62.5%,4.1,,,,0,,,,,5,6.6,33,0,0
b88903c20fa3441c247df778219b1d16,Kaden Smith,NYG,24,,9,4,3,3,33,11.0,0,1,21,0.3,3.7,100.0%,11.0,,,,0,,,,,3,11.0,33,0,0
beb8b7ffd3c69345d8772b697834c71e,Cody White,PIT,23,,15,0,6,5,33,6.6,0,3,11,0.3,2.2,83.3%,5.5,,,,0,,,,,5,6.6,33,0,0
6bb60b8b1346d231963d0da11d8e3927,Josh Gordon,KAN,30,wr,12,7,14,5,32,6.4,1,3,11,0.4,2.7,35.7%,2.3,,,,0,,,,,5,6.4,32,1,0
a2fe2352e428721e9a2129f65b9209e4,Tommy Hudson,TEN,24,,5,0,6,3,31,10.3,0,2,14,0.6,6.2,50.0%,5.2,,,,0,,,,,3,10.3,31,0,0
f864de28366550396055525842c757e0,Deon Jackson,IND,22,,9,0,0,0,0,,0,0,0,0.0,0.0,0.0%,,13,31,1,2,10,2.4,3.4,1.4,13,2.4,31,1,0
02a8b6aedce81606e81cfad107676c11,La'Mical Perine,NYJ,23,,4,0,0,0,0,,0,0,0,0.0,0.0,0.0%,,8,31,0,1,14,3.9,7.8,2.0,8,3.9,31,0,0
e12156f93e4dccc5b8748e967cd4f0e3,Jeremy Sprinkle,DAL,27,te,17,4,3,3,31,10.3,0,2,11,0.2,1.8,100.0%,10.3,,,,0,,,,,3,10.3,31,0,0
559f63342ed39528347723c69fdd4d22,Cameron Batson,TEN,26,,4,0,5,2,15,7.5,1,2,13,0.5,3.8,40.0%,3.0,2,15,0,1,11,7.5,3.8,0.5,4,7.5,30,1,0
ac72d1c3b1c88d7d2bf380fb90975985,K.J. Hill,LAC,24,,6,0,3,3,30,10.0,0,1,19,0.5,5.0,100.0%,10.0,,,,0,,,,,3,10.0,30,0,0
5632ac6c4cdbf7fbfc71ae2c6589d2bd,Daniel Brown,NYJ,29,,12,0,2,2,29,14.5,0,1,24,0.2,2.4,100.0%,14.5,,,,0,,,,,2,14.5,29,0,0
d0bc97683c35e399b6110a36700fb8f7,JaQuan Hardy,DAL,24,,3,0,0,0,0,,0,0,0,0.0,0.0,0.0%,,4,29,1,1,22,7.3,9.7,1.3,4,7.3,29,1,0
ff136d97b4f43acf42a6c2e7754d98c5,Kylin Hill,GNB,23,,8,0,2,1,5,5.0,0,0,5,0.1,0.6,50.0%,2.5,10,24,0,1,8,2.4,3.0,1.3,11,2.6,29,0,0
cb393dab33273e488091fce8c1a43c72,Josh Johnson,2TM,35,,4,1,0,0,0,,0,0,0,0.0,0.0,0.0%,,9,28,0,1,11,3.1,7.0,2.3,9,3.1,28,0,2
acf0f5ec28b2094d3d7dcf6254e19a7d,Jake Kumerow,BUF,29,wr,15,2,6,2,28,14.0,0,2,15,0.1,1.9,33.3%,4.7,,,,0,,,,,2,14.0,28,0,0
715fd7cd3d39880bc939970fb3a3518e,C.J. Moore,DET,26,s,17,1,0,0,0,,0,0,0,0.0,0.0,0.0%,,1,28,0,1,28,28.0,1.6,0.1,1,28.0,28,0,0
ae72c16c46e35af10c5e75b2207555f2,Dwayne Washington,NOR,27,,14,0,2,2,12,6.0,0,0,6,0.1,0.9,100.0%,6.0,4,16,0,0,5,4.0,1.1,0.3,6,4.7,28,0,0
232a5a8462ce2eaad3d227bf5597c857,Jordan Love,GNB,23,qb,6,1,0,0,0,,0,0,0,0.0,0.0,0.0%,,12,27,0,1,10,2.3,4.5,2.0,12,2.3,27,0,3
c34adde546e2ddddd41ef2412069e126,Sean McKeon,DAL,24,te,9,2,6,4,27,6.8,1,2,12,0.4,3.0,66.7%,4.5,,,,0,,,,,4,6.8,27,1,0
5e482c55a06d5a6005dd69ba1bbb9576,Will Fuller,MIA,27,,2,0,8,4,26,6.5,0,3,10,2.0,13.0,50.0%,3.3,,,,0,,,,,4,6.5,26,0,0

e1dda0591e907d7c821f74bf54e3fd94,Reggie Gilliam,BUF,24,fb,16,5,5,3,23,7.7,0,0,8,0.2,1.4,60.0%,4.6,3,3,0,0,2,1.0,0.2,0.2,6,4.3,26,0,0
f64100f589d222f6bb93e5c306114278,Mike Strachan,IND,24,,6,0,3,2,26,13.0,0,2,16,0.3,4.3,66.7%,8.7,,,,0,,,,,2,13.0,26,0,0
3251e77b7a70783643126f9b0006f8ad,Christian Blake,ATL,25,,16,0,9,4,25,6.3,0,2,8,0.3,1.6,44.4%,2.8,,,,0,,,,,4,6.3,25,0,0
e0dced7f407f6bc80a51ed13a1df8004,Anthony Miller,2TM,27,,3,1,12,6,25,4.2,1,3,10,2.0,8.3,50.0%,2.1,,,,0,,,,,6,4.2,25,1,0
b1455829337168fb86f43308626444cc,Gabe Nabers,LAC,24,fb,10,1,3,3,17,5.7,0,0,8,0.3,1.7,100.0%,5.7,3,8,0,1,4,2.7,0.8,0.3,6,4.2,25,0,0
c8004c77707b5cc106beecaee46d2ff3,Marcus Kemp,KAN,26,,16,0,5,2,24,12.0,0,1,16,0.1,1.5,40.0%,4.8,,,,0,,,,,2,12.0,24,0,0
bfd7c33d317a77c971d99170d9f6a3af,Mitchell Trubisky,BUF,27,,6,0,0,0,0,,0,0,0,0.0,0.0,0.0%,,13,24,1,3,22,1.8,4.0,2.2,13,1.8,24,1,0
2e61a89ee222b453c4b1e3fa38bde336,Dazz Newsome,CHI,22,wr,3,1,5,2,23,11.5,0,1,13,0.7,7.7,40.0%,4.6,,,,0,,,,,2,11.5,23,0,0
475263f44ceaa6e051afb6180532c2af,Jaylen Samuels,HOU,25,,3,0,4,3,14,4.7,0,1,6,1.0,4.7,75.0%,3.5,5,9,0,0,3,1.8,3.0,1.7,8,2.9,23,0,0
f99a9cf32552e65ec3aeac315a7f0bf8,Tylan Wallace,BAL,22,wr,17,1,6,2,23,11.5,0,1,18,0.1,1.4,33.3%,3.8,,,,0,,,,,2,11.5,23,0,0
acc52f32f3409f666cc832cee2db0c67,Alex Armah,2TM,27,,11,2,1,1,1,1.0,1,1,1,0.1,0.1,100.0%,1.0,5,21,0,4,9,4.2,1.9,0.5,6,3.7,22,1,0
5dc3d48f3cb5fdada2c11ed652d2f408,Tyree Jackson,PHI,24,te,9,3,7,3,22,7.3,1,2,13,0.3,2.4,42.9%,3.1,,,,0,,,,,3,7.3,22,1,0
2cb3a4c8aef9f28b21e77be8f46913e7,Case Keenum,CLE,33,qb,7,2,0,0,0,,0,0,0,0.0,0.0,0.0%,,12,22,0,6,10,1.8,3.1,1.7,12,1.8,22,0,1
cfec0f3acbafa466286d710bc6e82394,Scottie Phillips,HOU,24,,3,0,3,2,9,4.5,0,0,8,0.7,3.0,66.7%,3.0,6,13,0,1,4,2.2,4.3,2.0,8,2.8,22,0,0
037c340fc70232c6f8dc30ba7f3dabbe,Jack Stoll,PHI,23,te,16,5,5,4,22,5.5,0,0,9,0.3,1.4,80.0%,4.4,,,,0,,,,,4,5.5,22,0,0
082a34c1c05e922012e03e055376748e,Garrett Bradbury,MIN,26,C,13,13,1,1,21,21.0,0,1,21,0.1,1.6,100.0%,21.0,,,,0,,,,,1,21.0,21,0,0
6488983aeb2c522018bc9a14ba408571,Jesper Horsted,CHI,24,,7,0,3,2,21,10.5,2,2,19,0.3,3.0,66.7%,7.0,,,,0,,,,,2,10.5,21,2,0
f28378ce93ca114e45fce16dd60fdba6,Patrick Laird,MIA,26,,6,0,3,3,17,5.7,0,2,10,0.5,2.8,100.0%,5.7,1,4,0,0,4,4.0,0.7,0.2,4,5.3,21,0,0
674be4863929a2efeae6a38520d44db4,Gardner Minshew II,PHI,25,qb,4,2,0,0,0,,0,0,0,0.0,0.0,0.0%,,9,21,0,2,9,2.3,5.3,2.3,9,2.3,21,0,1
b75bfc6ea518e2c975a56fdac9939790,Dezmon Patmon,IND,23,,8,0,4,2,21,10.5,1,1,14,0.3,2.6,50.0%,5.3,,,,0,,,,,2,10.5,21,1,0
2827ce11b24fd3644b3de5017d2e03a3,Adam Prentice,NOR,24,fb,7,3,3,3,16,5.3,0,1,10,0.4,2.3,100.0%,5.3,3,5,0,2,2,1.7,0.7,0.4,6,3.5,21,0,0
51f7eac94c9a5a91231d38fc02fdc96f,Nick Bawden,NYJ,25,fb,9,1,1,1,20,20.0,0,1,20,0.1,2.2,100.0%,20.0,,,,0,,,,,1,20.0,20,0,0
e1e9924bce54dedcabf0eb5be617e469,Raheem Mostert,SFO,29,rb,1,1,0,0,0,,0,0,0,0.0,0.0,0.0%,,2,20,0,1,11,10.0,20.0,2.0,2,10.0,20,0,0
d8c8e80893cd3d27f6a29c2146136d7c,Trevor Siemian,NOR,30,qb,6,4,0,0,0,,0,0,0,0.0,0.0,0.0%,,9,20,1,2,17,2.2,3.3,1.5,9,2.2,20,1,3
33807a5fb5fa31a99881a57fcc5ae70a,Darrynton Evans,TEN,23,,1,0,2,2,11,5.5,0,1,6,2.0,11.0,100.0%,5.5,2,7,0,0,5,3.5,7.0,2.0,4,4.5,18,0,0
bbb8e1573ba811f9e78e258b38ed9b92,Davion Davis,HOU,25,wr,2,1,3,1,17,17.0,0,1,17,0.5,8.5,33.3%,5.7,,,,0,,,,,1,17.0,17,0,0
eaf786de5f131a942823fa1339729380,Keith Kirkwood,CAR,27,,3,0,7,3,17,5.7,0,1,7,1.0,5.7,42.9%,2.4,,,,0,,,,,3,5.7,17,0,0
a9d220add8ebb3b8921389731d056f22,Chris Myarick,NYG,26,te,8,3,6,3,17,5.7,1,2,10,0.4,2.1,50.0%,2.8,,,,0,,,,,3,5.7,17,1,0
3211fc249b7c2b765fc27f6da7cf270b,Bobby Price,DET,23,s,15,2,1,1,17,17.0,0,1,17,0.1,1.1,100.0%,17.0,,,,0,,,,,1,17.0,17,0,0
835153494886c49a708c7acd00389a08,David Sills,NYG,25,wr,4,1,6,2,17,8.5,0,1,12,0.5,4.3,33.3%,2.8,,,,0,,,,,2,8.5,17,0,0

007d770454397551b9b723504e05ba72,Reggie Bonnafon,CAR,25,,4,0,2,2,12,6.0,0,1,6,0.5,3.0,100.0%,6.0,1,4,0,0,4,4.0,1.0,0.3,3,5.3,16,0,0
0b07174743d2ad2b535567726154a8e3,Cethan Carter,MIA,26,te,16,1,2,2,16,8.0,0,0,8,0.1,1.0,100.0%,8.0,,,,0,,,,,2,8.0,16,0,0
dc9ed848f1324418aba4f75c561a2df7,Tyron Johnson,2TM,25,,10,0,5,2,16,8.0,0,1,10,0.2,1.6,40.0%,3.2,,,,0,,,,,2,8.0,16,0,0
0f4e21ba879d7635d3b9904f50701c55,Derek Watt,PIT,29,fb,17,4,3,3,15,5.0,0,0,9,0.2,0.9,100.0%,5.0,1,1,0,1,1,1.0,0.1,0.1,4,4.0,16,0,0
4fd077b9961ccc83762421539619a575,Mitchell Wilcox,CIN,25,te,15,1,5,3,16,5.3,0,0,8,0.2,1.1,60.0%,3.2,,,,0,,,,,3,5.3,16,0,0
c63d739534506dafb45279766420d471,Trey Ragas,LVR,25,,1,0,2,2,6,3.0,0,0,4,2.0,6.0,100.0%,3.0,1,9,0,1,9,9.0,9.0,1.0,3,5.0,15,0,0
134206bf9171341b82f878f2a66c29d7,Sean Chandler,CAR,25,s,15,7,0,0,0,,0,0,0,0.0,0.0,0.0%,,1,14,0,1,14,14.0,0.9,0.1,1,14.0,14,0,0
9f9beb0ce2d772c5e2bbdf460609b4fc,Frank Darby,ATL,24,,10,0,4,1,14,14.0,0,1,14,0.1,1.4,25.0%,3.5,,,,0,,,,,1,14.0,14,0,0
a68240526ecc2c6c6e054569adeef9df,Sean Mannion,MIN,29,qb,1,1,0,0,0,,0,0,0,0.0,0.0,0.0%,,2,14,0,2,11,7.0,14.0,2.0,2,7.0,14,0,0
b653e4fbb1eecb38b22b5b0567966c73,Anthony McFarland Jr.,PIT,22,,2,0,1,1,11,11.0,0,1,11,0.5,5.5,100.0%,11.0,3,3,0,0,3,1.0,1.5,1.5,4,3.5,14,0,0
2d9e4f5b0e42470dfe377d3370793917,Stanley Morgan Jr.,CIN,25,wr,17,1,4,2,11,5.5,0,0,8,0.1,0.6,50.0%,2.8,1,3,0,0,3,3.0,0.2,0.1,3,4.7,14,0,0
84a6972ffd6f99bef8fdab0a543a3786,Malik Taylor,GNB,26,,10,0,3,2,14,7.0,0,1,7,0.2,1.4,66.7%,4.7,,,,0,,,,,2,7.0,14,0,1
eaf248b526a3acdfdbec5898cd58bf36,Tyrell Williams,DET,29,,1,1,3,2,14,7.0,0,1,7,2.0,14.0,66.7%,4.7,,,,0,,,,,2,7.0,14,0,0
e2d706437fedfd122e9177165ff6f2bf,Cam Akers,LAR,22,,1,0,3,3,10,3.3,0,0,6,3.0,10.0,100.0%,3.3,5,3,0,0,2,0.6,3.0,5.0,8,1.6,13,0,0
541ed5b8fcf11954307abad66e63346d,Tim Boyle,DET,27,qb,5,3,0,0,0,,0,0,0,0.0,0.0,0.0%,,2,13,0,1,14,6.5,2.6,0.4,2,6.5,13,0,1
09bb3aa135758429f7734d2f525ed4c1,Derek Carrier,LVR,31,te,5,1,2,2,13,6.5,0,0,9,0.4,2.6,100.0%,6.5,,,,0,,,,,2,6.5,13,0,0
b409303fad15d209371a3de3d3c386ae,Andy Isabella,ARI,25,,8,0,1,1,13,13.0,0,1,13,0.1,1.6,100.0%,13.0,,,,0,,,,,1,13.0,13,0,0
66222d50deb724362b7d552767b6692c,John Kelly,CLE,25,,4,0,0,0,0,,0,0,0,0.0,0.0,0.0%,,2,13,0,1,11,6.5,3.3,0.5,2,6.5,13,0,0
2aa9646cb6071c6819a71b5e8740e764,Kirk Merritt,MIA,24,,2,0,3,1,13,13.0,0,1,13,0.5,6.5,33.3%,4.3,,,,0,,,,,1,13.0,13,0,0
9753baa904ded8427d5d7f67c240cead,P.J. Walker,CAR,26,qb,5,1,0,0,0,,0,0,0,0.0,0.0,0.0%,,7,13,0,2,13,1.9,2.6,1.4,7,1.9,13,0,3
686bda0e81288bd92328f63b0f21140f,Jacques Patrick,SFO,24,,2,0,0,0,0,,0,0,0,0.0,0.0,0.0%,,2,12,0,1,8,6.0,6.0,1.0,2,6.0,12,0,0
dcffde972ae0dbd2345374d3b7e98f82,Johnny Stanton,CLE,27,,4,0,2,2,7,3.5,1,1,6,0.5,1.8,100.0%,3.5,3,5,0,2,3,1.7,1.3,0.8,5,2.4,12,1,0
cb4dab38b0794bf26ab5f8e10f3eba2c,Luke Stocker,MIN,33,,12,0,2,2,12,6.0,0,0,7,0.2,1.0,100.0%,6.0,,,,0,,,,,2,6.0,12,0,0
91c4168378f870d78cad8c66f7a6f889,Kyle Allen,WAS,25,,2,0,0,0,0,,0,0,0,0.0,0.0,0.0%,,2,11,0,1,11,5.5,5.5,1.0,2,5.5,11,0,1
a0480f2cd572b92040895c5cf198449c,Buddy Howell,LAR,25,,10,0,0,0,0,,0,0,0,0.0,0.0,0.0%,,5,11,0,0,4,2.2,1.1,0.5,5,2.2,11,0,0
e61f829f8bc2ef8710011ddf3c4bd902,Richard Rodgers,PHI,29,,3,0,2,2,11,5.5,0,0,9,0.7,3.7,100.0%,5.5,,,,0,,,,,2,5.5,11,0,0
7a0148f347a4e788dedf552280cae73c,Mekhi Sargent,3TM,24,,7,0,1,0,0,,0,0,0,0.0,0.0,0.0%,0.0,5,11,0,1,3,2.2,1.6,0.7,5,2.2,11,0,0
f58b11be6ec695b6e34642d10ee9de5e,C.J. Saunders,CAR,25,,2,0,2,2,11,5.5,0,1,8,1.0,5.5,100.0%,5.5,,,,0,,,,,2,5.5,11,0,0
84b53ba474382f80e688eaebce49eba0,Tarik Black,NYJ,23,,1,0,2,1,10,10.0,0,1,10,1.0,10.0,50.0%,5.0,,,,0,,,,,1,10.0,10,0,0
55279ada21d00909e39af75bdea590a8,Khari Blasingame,TEN,25,fb,11,3,2,2,4,2.0,0,0,5,0.2,0.4,100.0%,2.0,3,6,0,1,3,2.0,0.5,0.3,5,2.0,10,0,1

748ec7adc75f2b4de3a6000ce1f065d0,Gary Brightwell,NYG,22,,13,0,1,1,6,6.0,0,0,6,0.1,0.5,100.0%,6.0,1,4,0,0,4,4.0,0.3,0.1,2,5.0,10,0,0
4ee6184a058ed2e02fe18803b732c491,Marvin Hall,ATL,28,,2,0,1,1,10,10.0,0,1,10,0.5,5.0,100.0%,10.0,,,,0,,,,,1,10.0,10,0,0
fc483fd6202e7aa095b9541b99eaa19c,Demetrius Harris,ARI,30,te,14,4,6,3,10,3.3,0,0,7,0.2,0.7,50.0%,1.7,,,,0,,,,,3,3.3,10,0,0
dd30ee22858aa6ceefbee8eb63df20c2,Jaydon Mickens,2TM,27,,11,0,3,2,10,5.0,0,1,12,0.2,0.9,66.7%,3.3,,,,0,,,,,2,5.0,10,0,1
3bf132cd4de7c9fc1e2900c0cb20f429,Sam Ehlinger,IND,23,,3,0,0,0,0,,0,0,0,0.0,0.0,0.0%,,3,9,0,1,9,3.0,3.0,1.0,3,3.0,9,0,0
ef26408af03c1f5cf433301da6300184,Brycen Hopkins,LAR,24,,5,0,1,1,9,9.0,0,1,9,0.2,1.8,100.0%,9.0,,,,0,,,,,1,9.0,9,0,0
61fffc7bf521cabd2055b1e6a21be880,Andy Janovich,CLE,28,fb,13,3,4,3,9,3.0,0,1,3,0.2,0.7,75.0%,2.3,2,0,1,1,1,0.0,0.0,0.2,5,1.8,9,1,0
e5361d8ba2424417e6ced8b5f38e601d,Johnny Mundt,LAR,27,,6,0,1,1,9,9.0,0,1,9,0.2,1.5,100.0%,9.0,,,,0,,,,,1,9.0,9,0,0
8eeaefcec8506c4650c387ffefc3d99b,Nick Foles ,CHI,32,qb,1,1,0,0,0,,0,0,0,0.0,0.0,0.0%,,4,8,0,1,8,2.0,8.0,4.0,4,2.0,8,0,1
55d45c22afc2e29645635a3aee7ce04f,Hunter Long,MIA,23,te,7,2,3,1,8,8.0,0,0,8,0.1,1.1,33.3%,2.7,,,,0,,,,,1,8.0,8,0,0
bd6bfc7e1e5af82dd10eebcfa9d26f9b,Racey McMath,TEN,22,,9,0,6,2,8,4.0,0,0,9,0.2,0.9,33.3%,1.3,,,,0,,,,,2,4.0,8,0,1
be85054bdcb9637c059f218f3b749853,Ryan Nall,CHI,26,,9,0,1,1,4,4.0,0,0,4,0.1,0.4,100.0%,4.0,1,4,0,0,4,4.0,0.4,0.1,2,4.0,8,0,0
f4fcc53b9f3cc87e16a7848f43df05dc,Kevin Rader,PIT,26,te,6,1,3,2,8,4.0,0,0,7,0.3,1.3,66.7%,2.7,,,,0,,,,,2,4.0,8,0,0
53495b5de9680bb9ed66225e84b6a214,Ethan Wolf,NOR,26,te,2,1,2,2,8,4.0,0,0,4,1.0,4.0,100.0%,4.0,,,,0,,,,,2,4.0,8,0,0
e28590566effa1fb87ec5db1aa59c3ae,Damarea Crockett,DEN,24,,12,0,0,0,0,,0,0,0,0.0,0.0,0.0%,,3,7,0,0,6,2.3,0.6,0.3,3,2.3,7,0,0
31064b256642756fd287a1b11af1d15e,Tommylee Lewis,MIA,29,,2,0,2,1,7,7.0,0,1,7,0.5,3.5,50.0%,3.5,,,,0,,,,,1,7.0,7,0,0
9fdf1a13d84a7baed4a0f5956e521f78,Tremon Smith,HOU,25,db,17,2,0,0,0,,0,0,0,0.0,0.0,0.0%,,1,7,0,0,7,7.0,0.4,0.1,1,7.0,7,0,0
e1b511f48aaa32a78bd23ef5bb6f0874,Eric Tomlinson,BAL,29,te,17,7,1,1,7,7.0,0,0,7,0.1,0.4,100.0%,7.0,,,,0,,,,,1,7.0,7,0,0
1f12b277d30d5c22a31f64c56f1bb489,David Blough,DET,26,,1,0,0,0,0,,0,0,0,0.0,0.0,0.0%,,1,6,0,0,6,6.0,6.0,1.0,1,6.0,6,0,1
9e55ccf20839877cc6fc84555d83b4e1,Ian Book,NOR,23,qb,1,1,0,0,0,,0,0,0,0.0,0.0,0.0%,,3,6,0,1,3,2.0,6.0,3.0,3,2.0,6,0,0
91f2bbf6d6b78e4a0ff38f9bab88c2e1,Miles Boykin,BAL,25,,8,0,1,1,6,6.0,0,0,6,0.1,0.8,100.0%,6.0,,,,0,,,,,1,6.0,6,0,0
168c08abd005a9604c37112d7b987586,Feleipe Franks,ATL,24,,9,0,0,0,0,,0,0,0,0.0,0.0,0.0%,,3,6,0,0,4,2.0,0.7,0.3,3,2.0,6,0,0
e31731d24500eb81f1b1568c49d555d3,Amani Hooker,TEN,23,DB,12,12,1,1,6,6.0,0,1,6,0.1,0.5,100.0%,6.0,,,,0,,,,,1,6.0,6,0,0
253847942aac26991fddceb5be55e365,Dallin Leavitt,LVR,27,s,16,1,0,0,0,,0,0,0,0.0,0.0,0.0%,,2,6,0,2,4,3.0,0.4,0.1,2,3.0,6,0,0
67cd20410c3ff67cc6b0709e76dba2ce,Chris Streveler,ARI,26,,2,0,0,0,0,,0,0,0,0.0,0.0,0.0%,,3,6,0,0,4,2.0,3.0,1.5,3,2.0,6,0,1
66ff3267b96ca36f3033a496f81d28e0,Keke Coutee,IND,24,,2,0,1,1,5,5.0,0,0,5,0.5,2.5,100.0%,5.0,,,,0,,,,,1,5.0,5,0,0
f92d7c26fe04f52549844558b2584074,Jake Funk,LAR,23,,10,0,0,0,0,,0,0,0,0.0,0.0,0.0%,,2,5,0,0,6,2.5,0.5,0.2,2,2.5,5,0,0
7221f9e89e2e099d8cc77e40b4a07b47,Lane Johnson,PHI,31,T,13,13,1,1,5,5.0,1,1,5,0.1,0.4,100.0%,5.0,,,,0,,,,,1,5.0,5,1,0
92a08f7c8278f7f7c18dfc240fc50d12,Ben Roethlisberger,PIT,39,,16,16,0,0,0,,0,0,0,0.0,0.0,0.0%,,20,5,1,3,8,0.3,0.3,1.3,20,0.3,5,1,11
2b2b10449760a02b9af228e76a110ca1,Easop Winston,NOR,25,,3,1,1,1,5,5.0,0,0,5,0.3,1.7,100.0%,5.0,,,,0,,,,,1,5.0,5,0,0

986fbd2b1e9e3d86fb7d4d7db1c75fda,Nick Bellore,SEA,32,,17,0,1,1,4,4.0,0,0,4,0.1,0.2,100.0%,4.0,,,,0,,,,,1,4.0,4,0,0
85b92dd541249a01608be4aaa21261fd,Trenton Cannon,2TM,27,,12,0,0,0,0,,0,0,0,0.0,0.0,0.0%,,3,4,0,0,3,1.3,0.3,0.3,3,1.3,4,0,1
c6da8aa9446e4204ed6870867e3b1a18,Taylor Decker,DET,28,t,9,9,2,2,4,2.0,1,1,6,0.2,0.4,100.0%,2.0,,,,0,,,,,2,2.0,4,1,0
d474479e8a6d1760a6fcbfeb4e7bf892,Braden Mann,NYJ,24,p,10,0,0,0,0,,0,0,0,0.0,0.0,0.0%,,1,4,0,0,4,4.0,0.4,0.1,1,4.0,4,0,0
0ba14d5d319fb75e3250df9ee366e5c9,Devine Ozigbo,2TM,25,,3,0,1,1,7,7.0,0,1,7,0.3,2.3,100.0%,7.0,1,-3,0,0,0,-3.0,-1.0,0.3,2,2.0,4,0,0
d8bb01264870cf6d9197f08a50c5e3a4,Ito Smith,DAL,26,,1,0,0,0,0,,0,0,0,0.0,0.0,0.0%,,1,4,1,1,4,4.0,4.0,1.0,1,4.0,4,1,0
ca92a8cb1380f474884d9197311f7ac5,Andrew Wingard,JAX,25,S,15,15,0,0,0,,0,0,0,0.0,0.0,0.0%,,1,4,0,1,4,4.0,0.3,0.1,1,4.0,4,0,0
536284c6b86454eb50d796d971e7b5da,Nathan Cottrell,JAX,25,,4,0,0,0,0,,0,0,0,0.0,0.0,0.0%,,1,3,0,0,3,3.0,0.8,0.3,1,3.0,3,0,0
4f537be6e164f64c931c6d68bd881812,Maurice Ffrench,LAC,23,,3,0,0,0,0,,0,0,0,0.0,0.0,0.0%,,1,3,0,0,3,3.0,1.0,0.3,1,3.0,3,0,0
67de44988d6d67d0941a46267ac62957,Joe Flacco,NYJ,36,qb,2,1,0,0,0,,0,0,0,0.0,0.0,0.0%,,2,3,0,1,2,1.5,1.5,1.0,2,1.5,3,0,1
5b5878dc0f93951c944d3e07cd93c8a5,C.J. Beathard,JAX,28,,2,0,0,0,0,,0,0,0,0.0,0.0,0.0%,,1,2,0,0,2,2.0,1.0,0.5,1,2.0,2,0,0
15dceaedd4ff80c5fc58c629e12764e8,Nick Boyle,BAL,28,te,5,3,2,1,2,2.0,0,0,2,0.2,0.4,50.0%,1.0,,,,0,,,,,1,2.0,2,0,0
d5ad551a3bd46a2424ae9b591f2efdf8,Ryan Fitzpatrick,WAS,39,qb,1,1,0,0,0,,0,0,0,0.0,0.0,0.0%,,1,2,0,0,2,2.0,2.0,1.0,1,2.0,2,0,1
9f4f056c6f64026d1b956304d641511c,Nathan Peterman,LVR,27,,1,0,0,0,0,,0,0,0,0.0,0.0,0.0%,,2,2,0,1,1,1.0,2.0,2.0,2,1.0,2,0,0
66ceab354ea0761f2a9d1c675db491ea,Danny Pinter,IND,25,g,16,3,1,1,2,2.0,1,1,2,0.1,0.1,100.0%,2.0,,,,0,,,,,1,2.0,2,1,0
2bab3e23c2f81f7730a387a171ebb653,Andrew Thomas,NYG,22,T,13,13,1,1,2,2.0,1,1,2,0.1,0.2,100.0%,2.0,,,,0,,,,,1,2.0,2,1,0
5ef77e42407d74722ed5caf5ce687196,Conor McDermott,NYJ,29,ol,6,3,1,1,1,1.0,1,1,1,0.2,0.2,100.0%,1.0,,,,0,,,,,1,1.0,1,1,0
03a9bdfea2b01a49d7b5ed83a1bd9ae0,Michael Palardy,MIA,29,p,17,0,0,0,0,,0,0,0,0.0,0.0,0.0%,,1,1,0,0,1,1.0,0.1,0.1,1,1.0,1,0,0
ea7bd1ca66b6d1ac6e89afa28556fe28,Terence Steele,DAL,24,T,16,13,1,1,1,1.0,1,1,1,0.1,0.1,100.0%,1.0,,,,0,,,,,1,1.0,1,1,0
2742412572c6d4b8c1d051ef66591c5c,Christian Wilkins,MIA,26,DT,17,17,1,1,1,1.0,1,1,1,0.1,0.1,100.0%,1.0,,,,0,,,,,1,1.0,1,1,1
